Month,Client_Group,State,Count
2026-03-01,Indigenous,NSW,8046.0
2026-03-01,FDV,NSW,9262.0
2026-03-01,Mental health,NSW,8012.0
2026-03-01,Drug or alcohol issues,NSW,1721.0
2026-03-01,Financial assistance for accommodation,NSW,224.0
2026-03-01,Nights in emergency accommodation,NSW,50884.0
2026-03-01,Emergency accommodation,NSW,2399.0
2026-03-01,Homeless,NSW,12617.0
2026-03-01,At risk of homelessness,NSW,10606.0
2026-02-01,Indigenous,NSW,7920.0
2026-02-01,FDV,NSW,8986.0
2026-02-01,Mental health,NSW,7806.0
2026-02-01,Drug or alcohol issues,NSW,1729.0
2026-02-01,Financial assistance for accommodation,NSW,194.0
2026-02-01,Nights in emergency accommodation,NSW,46104.0
2026-02-01,Emergency accommodation,NSW,2278.0
2026-02-01,Homeless,NSW,12321.0
2026-02-01,At risk of homelessness,NSW,10336.0
2026-01-01,Indigenous,NSW,7724.0
2026-01-01,FDV,NSW,8698.0
2026-01-01,Mental health,NSW,7558.0
2026-01-01,Drug or alcohol issues,NSW,1710.0
2026-01-01,Financial assistance for accommodation,NSW,150.0
2026-01-01,Nights in emergency accommodation,NSW,48636.0
2026-01-01,Emergency accommodation,NSW,2178.0
2026-01-01,Homeless,NSW,12077.0
2026-01-01,At risk of homelessness,NSW,10078.0
2025-12-01,Indigenous,NSW,7593.0
2025-12-01,FDV,NSW,8457.0
2025-12-01,Mental health,NSW,7426.0
2025-12-01,Drug or alcohol issues,NSW,1704.0
2025-12-01,Financial assistance for accommodation,NSW,141.0
2025-12-01,Nights in emergency accommodation,NSW,49720.0
2025-12-01,Emergency accommodation,NSW,2152.0
2025-12-01,Homeless,NSW,11786.0
2025-12-01,At risk of homelessness,NSW,10120.0
2025-11-01,Indigenous,NSW,7953.0
2025-11-01,FDV,NSW,8876.0
2025-11-01,Mental health,NSW,7840.0
2025-11-01,Drug or alcohol issues,NSW,1807.0
2025-11-01,Financial assistance for accommodation,NSW,145.0
2025-11-01,Nights in emergency accommodation,NSW,47803.0
2025-11-01,Emergency accommodation,NSW,2161.0
2025-11-01,Homeless,NSW,12336.0
2025-11-01,At risk of homelessness,NSW,10332.0
2025-10-01,Indigenous,NSW,8207.0
2025-10-01,FDV,NSW,9110.0
2025-10-01,Mental health,NSW,8067.0
2025-10-01,Drug or alcohol issues,NSW,1819.0
2025-10-01,Financial assistance for accommodation,NSW,184.0
2025-10-01,Nights in emergency accommodation,NSW,49601.0
2025-10-01,Emergency accommodation,NSW,2302.0
2025-10-01,Homeless,NSW,12740.0
2025-10-01,At risk of homelessness,NSW,10661.0
2025-09-01,Indigenous,NSW,8307.0
2025-09-01,FDV,NSW,8936.0
2025-09-01,Mental health,NSW,8275.0
2025-09-01,Drug or alcohol issues,NSW,1848.0
2025-09-01,Financial assistance for accommodation,NSW,155.0
2025-09-01,Nights in emergency accommodation,NSW,48902.0
2025-09-01,Emergency accommodation,NSW,2292.0
2025-09-01,Homeless,NSW,12539.0
2025-09-01,At risk of homelessness,NSW,10782.0
2025-08-01,Indigenous,NSW,8183.0
2025-08-01,FDV,NSW,8917.0
2025-08-01,Mental health,NSW,8273.0
2025-08-01,Drug or alcohol issues,NSW,1848.0
2025-08-01,Financial assistance for accommodation,NSW,173.0
2025-08-01,Nights in emergency accommodation,NSW,51357.0
2025-08-01,Emergency accommodation,NSW,2335.0
2025-08-01,Homeless,NSW,12544.0
2025-08-01,At risk of homelessness,NSW,10663.0
2025-07-01,Indigenous,NSW,8292.0
2025-07-01,FDV,NSW,8950.0
2025-07-01,Mental health,NSW,8373.0
2025-07-01,Drug or alcohol issues,NSW,1853.0
2025-07-01,Financial assistance for accommodation,NSW,150.0
2025-07-01,Nights in emergency accommodation,NSW,50402.0
2025-07-01,Emergency accommodation,NSW,2300.0
2025-07-01,Homeless,NSW,12745.0
2025-07-01,At risk of homelessness,NSW,10717.0
2025-06-01,Indigenous,NSW,8336.0
2025-06-01,FDV,NSW,8961.0
2025-06-01,Mental health,NSW,8220.0
2025-06-01,Drug or alcohol issues,NSW,1822.0
2025-06-01,Financial assistance for accommodation,NSW,167.0
2025-06-01,Nights in emergency accommodation,NSW,49077.0
2025-06-01,Emergency accommodation,NSW,2259.0
2025-06-01,Homeless,NSW,12644.0
2025-06-01,At risk of homelessness,NSW,10884.0
2025-05-01,Indigenous,NSW,8326.0
2025-05-01,FDV,NSW,9028.0
2025-05-01,Mental health,NSW,8497.0
2025-05-01,Drug or alcohol issues,NSW,1867.0
2025-05-01,Financial assistance for accommodation,NSW,198.0
2025-05-01,Nights in emergency accommodation,NSW,50303.0
2025-05-01,Emergency accommodation,NSW,2323.0
2025-05-01,Homeless,NSW,12891.0
2025-05-01,At risk of homelessness,NSW,10937.0
2025-04-01,Indigenous,NSW,8054.0
2025-04-01,FDV,NSW,8818.0
2025-04-01,Mental health,NSW,8291.0
2025-04-01,Drug or alcohol issues,NSW,1853.0
2025-04-01,Financial assistance for accommodation,NSW,152.0
2025-04-01,Nights in emergency accommodation,NSW,49812.0
2025-04-01,Emergency accommodation,NSW,2274.0
2025-04-01,Homeless,NSW,12441.0
2025-04-01,At risk of homelessness,NSW,10740.0
2025-03-01,Indigenous,NSW,8229.0
2025-03-01,FDV,NSW,8999.0
2025-03-01,Mental health,NSW,8392.0
2025-03-01,Drug or alcohol issues,NSW,1842.0
2025-03-01,Financial assistance for accommodation,NSW,173.0
2025-03-01,Nights in emergency accommodation,NSW,50815.0
2025-03-01,Emergency accommodation,NSW,2442.0
2025-03-01,Homeless,NSW,12833.0
2025-03-01,At risk of homelessness,NSW,10904.0
2025-02-01,Indigenous,NSW,7886.0
2025-02-01,FDV,NSW,8865.0
2025-02-01,Mental health,NSW,8193.0
2025-02-01,Drug or alcohol issues,NSW,1785.0
2025-02-01,Financial assistance for accommodation,NSW,162.0
2025-02-01,Nights in emergency accommodation,NSW,46557.0
2025-02-01,Emergency accommodation,NSW,2312.0
2025-02-01,Homeless,NSW,12358.0
2025-02-01,At risk of homelessness,NSW,10848.0
2025-01-01,Indigenous,NSW,7644.0
2025-01-01,FDV,NSW,8613.0
2025-01-01,Mental health,NSW,8042.0
2025-01-01,Drug or alcohol issues,NSW,1768.0
2025-01-01,Financial assistance for accommodation,NSW,146.0
2025-01-01,Nights in emergency accommodation,NSW,50755.0
2025-01-01,Emergency accommodation,NSW,2266.0
2025-01-01,Homeless,NSW,12191.0
2025-01-01,At risk of homelessness,NSW,10293.0
2024-12-01,Indigenous,NSW,7466.0
2024-12-01,FDV,NSW,8382.0
2024-12-01,Mental health,NSW,7884.0
2024-12-01,Drug or alcohol issues,NSW,1743.0
2024-12-01,Financial assistance for accommodation,NSW,187.0
2024-12-01,Nights in emergency accommodation,NSW,50481.0
2024-12-01,Emergency accommodation,NSW,2278.0
2024-12-01,Homeless,NSW,11874.0
2024-12-01,At risk of homelessness,NSW,10269.0
2024-11-01,Indigenous,NSW,7908.0
2024-11-01,FDV,NSW,8798.0
2024-11-01,Mental health,NSW,8368.0
2024-11-01,Drug or alcohol issues,NSW,1880.0
2024-11-01,Financial assistance for accommodation,NSW,178.0
2024-11-01,Nights in emergency accommodation,NSW,49671.0
2024-11-01,Emergency accommodation,NSW,2324.0
2024-11-01,Homeless,NSW,12516.0
2024-11-01,At risk of homelessness,NSW,10802.0
2024-10-01,Indigenous,NSW,7973.0
2024-10-01,FDV,NSW,8831.0
2024-10-01,Mental health,NSW,8410.0
2024-10-01,Drug or alcohol issues,NSW,1898.0
2024-10-01,Financial assistance for accommodation,NSW,171.0
2024-10-01,Nights in emergency accommodation,NSW,52647.0
2024-10-01,Emergency accommodation,NSW,2408.0
2024-10-01,Homeless,NSW,12705.0
2024-10-01,At risk of homelessness,NSW,10874.0
2024-09-01,Indigenous,NSW,7720.0
2024-09-01,FDV,NSW,8763.0
2024-09-01,Mental health,NSW,8353.0
2024-09-01,Drug or alcohol issues,NSW,1855.0
2024-09-01,Financial assistance for accommodation,NSW,156.0
2024-09-01,Nights in emergency accommodation,NSW,50064.0
2024-09-01,Emergency accommodation,NSW,2355.0
2024-09-01,Homeless,NSW,12696.0
2024-09-01,At risk of homelessness,NSW,10561.0
2024-08-01,Indigenous,NSW,7788.0
2024-08-01,FDV,NSW,8800.0
2024-08-01,Mental health,NSW,8295.0
2024-08-01,Drug or alcohol issues,NSW,1787.0
2024-08-01,Financial assistance for accommodation,NSW,166.0
2024-08-01,Nights in emergency accommodation,NSW,50048.0
2024-08-01,Emergency accommodation,NSW,2289.0
2024-08-01,Homeless,NSW,12578.0
2024-08-01,At risk of homelessness,NSW,10851.0
2024-07-01,Indigenous,NSW,7975.0
2024-07-01,FDV,NSW,8808.0
2024-07-01,Mental health,NSW,8449.0
2024-07-01,Drug or alcohol issues,NSW,1800.0
2024-07-01,Financial assistance for accommodation,NSW,181.0
2024-07-01,Nights in emergency accommodation,NSW,50367.0
2024-07-01,Emergency accommodation,NSW,2316.0
2024-07-01,Homeless,NSW,12907.0
2024-07-01,At risk of homelessness,NSW,10940.0
2024-06-01,Indigenous,NSW,7802.0
2024-06-01,FDV,NSW,8508.0
2024-06-01,Mental health,NSW,8130.0
2024-06-01,Drug or alcohol issues,NSW,1703.0
2024-06-01,Financial assistance for accommodation,NSW,146.0
2024-06-01,Nights in emergency accommodation,NSW,48776.0
2024-06-01,Emergency accommodation,NSW,2223.0
2024-06-01,Homeless,NSW,12661.0
2024-06-01,At risk of homelessness,NSW,10687.0
2024-05-01,Indigenous,NSW,8058.0
2024-05-01,FDV,NSW,8680.0
2024-05-01,Mental health,NSW,8507.0
2024-05-01,Drug or alcohol issues,NSW,1837.0
2024-05-01,Financial assistance for accommodation,NSW,185.0
2024-05-01,Nights in emergency accommodation,NSW,51375.0
2024-05-01,Emergency accommodation,NSW,2352.0
2024-05-01,Homeless,NSW,12806.0
2024-05-01,At risk of homelessness,NSW,11173.0
2024-04-01,Indigenous,NSW,7798.0
2024-04-01,FDV,NSW,8233.0
2024-04-01,Mental health,NSW,8242.0
2024-04-01,Drug or alcohol issues,NSW,1736.0
2024-04-01,Financial assistance for accommodation,NSW,163.0
2024-04-01,Nights in emergency accommodation,NSW,49036.0
2024-04-01,Emergency accommodation,NSW,2338.0
2024-04-01,Homeless,NSW,12496.0
2024-04-01,At risk of homelessness,NSW,10639.0
2024-03-01,Indigenous,NSW,7823.0
2024-03-01,FDV,NSW,8274.0
2024-03-01,Mental health,NSW,8220.0
2024-03-01,Drug or alcohol issues,NSW,1743.0
2024-03-01,Financial assistance for accommodation,NSW,155.0
2024-03-01,Nights in emergency accommodation,NSW,50326.0
2024-03-01,Emergency accommodation,NSW,2335.0
2024-03-01,Homeless,NSW,12312.0
2024-03-01,At risk of homelessness,NSW,10997.0
2024-02-01,Indigenous,NSW,7702.0
2024-02-01,FDV,NSW,8375.0
2024-02-01,Mental health,NSW,8181.0
2024-02-01,Drug or alcohol issues,NSW,1712.0
2024-02-01,Financial assistance for accommodation,NSW,153.0
2024-02-01,Nights in emergency accommodation,NSW,46288.0
2024-02-01,Emergency accommodation,NSW,2355.0
2024-02-01,Homeless,NSW,12242.0
2024-02-01,At risk of homelessness,NSW,10911.0
2024-01-01,Indigenous,NSW,7372.0
2024-01-01,FDV,NSW,8211.0
2024-01-01,Mental health,NSW,8021.0
2024-01-01,Drug or alcohol issues,NSW,1731.0
2024-01-01,Financial assistance for accommodation,NSW,152.0
2024-01-01,Nights in emergency accommodation,NSW,47490.0
2024-01-01,Emergency accommodation,NSW,2302.0
2024-01-01,Homeless,NSW,12103.0
2024-01-01,At risk of homelessness,NSW,10489.0
2023-12-01,Indigenous,NSW,7221.0
2023-12-01,FDV,NSW,7908.0
2023-12-01,Mental health,NSW,7725.0
2023-12-01,Drug or alcohol issues,NSW,1650.0
2023-12-01,Financial assistance for accommodation,NSW,156.0
2023-12-01,Nights in emergency accommodation,NSW,47559.0
2023-12-01,Emergency accommodation,NSW,2195.0
2023-12-01,Homeless,NSW,11693.0
2023-12-01,At risk of homelessness,NSW,10420.0
2023-11-01,Indigenous,NSW,7585.0
2023-11-01,FDV,NSW,8351.0
2023-11-01,Mental health,NSW,8239.0
2023-11-01,Drug or alcohol issues,NSW,1795.0
2023-11-01,Financial assistance for accommodation,NSW,147.0
2023-11-01,Nights in emergency accommodation,NSW,47709.0
2023-11-01,Emergency accommodation,NSW,2359.0
2023-11-01,Homeless,NSW,12348.0
2023-11-01,At risk of homelessness,NSW,10877.0
2023-10-01,Indigenous,NSW,7557.0
2023-10-01,FDV,NSW,8220.0
2023-10-01,Mental health,NSW,8197.0
2023-10-01,Drug or alcohol issues,NSW,1787.0
2023-10-01,Financial assistance for accommodation,NSW,156.0
2023-10-01,Nights in emergency accommodation,NSW,47569.0
2023-10-01,Emergency accommodation,NSW,2305.0
2023-10-01,Homeless,NSW,12338.0
2023-10-01,At risk of homelessness,NSW,10679.0
2023-09-01,Indigenous,NSW,7530.0
2023-09-01,FDV,NSW,8112.0
2023-09-01,Mental health,NSW,8116.0
2023-09-01,Drug or alcohol issues,NSW,1797.0
2023-09-01,Financial assistance for accommodation,NSW,162.0
2023-09-01,Nights in emergency accommodation,NSW,47398.0
2023-09-01,Emergency accommodation,NSW,2311.0
2023-09-01,Homeless,NSW,12226.0
2023-09-01,At risk of homelessness,NSW,10754.0
2023-08-01,Indigenous,NSW,7752.0
2023-08-01,FDV,NSW,8320.0
2023-08-01,Mental health,NSW,8343.0
2023-08-01,Drug or alcohol issues,NSW,1854.0
2023-08-01,Financial assistance for accommodation,NSW,195.0
2023-08-01,Nights in emergency accommodation,NSW,48763.0
2023-08-01,Emergency accommodation,NSW,2356.0
2023-08-01,Homeless,NSW,12323.0
2023-08-01,At risk of homelessness,NSW,11049.0
2023-07-01,Indigenous,NSW,7589.0
2023-07-01,FDV,NSW,8037.0
2023-07-01,Mental health,NSW,8267.0
2023-07-01,Drug or alcohol issues,NSW,1841.0
2023-07-01,Financial assistance for accommodation,NSW,156.0
2023-07-01,Nights in emergency accommodation,NSW,47149.0
2023-07-01,Emergency accommodation,NSW,2273.0
2023-07-01,Homeless,NSW,11979.0
2023-07-01,At risk of homelessness,NSW,10891.0
2023-06-01,Indigenous,NSW,7623.0
2023-06-01,FDV,NSW,7987.0
2023-06-01,Mental health,NSW,8215.0
2023-06-01,Drug or alcohol issues,NSW,1767.0
2023-06-01,Financial assistance for accommodation,NSW,193.0
2023-06-01,Nights in emergency accommodation,NSW,46491.0
2023-06-01,Emergency accommodation,NSW,2252.0
2023-06-01,Homeless,NSW,11984.0
2023-06-01,At risk of homelessness,NSW,11061.0
2023-05-01,Indigenous,NSW,7727.0
2023-05-01,FDV,NSW,8264.0
2023-05-01,Mental health,NSW,8349.0
2023-05-01,Drug or alcohol issues,NSW,1822.0
2023-05-01,Financial assistance for accommodation,NSW,238.0
2023-05-01,Nights in emergency accommodation,NSW,48823.0
2023-05-01,Emergency accommodation,NSW,2394.0
2023-05-01,Homeless,NSW,12085.0
2023-05-01,At risk of homelessness,NSW,11251.0
2023-04-01,Indigenous,NSW,7348.0
2023-04-01,FDV,NSW,7854.0
2023-04-01,Mental health,NSW,7950.0
2023-04-01,Drug or alcohol issues,NSW,1694.0
2023-04-01,Financial assistance for accommodation,NSW,166.0
2023-04-01,Nights in emergency accommodation,NSW,46767.0
2023-04-01,Emergency accommodation,NSW,2269.0
2023-04-01,Homeless,NSW,11419.0
2023-04-01,At risk of homelessness,NSW,10946.0
2023-03-01,Indigenous,NSW,8013.0
2023-03-01,FDV,NSW,8560.0
2023-03-01,Mental health,NSW,8389.0
2023-03-01,Drug or alcohol issues,NSW,1771.0
2023-03-01,Financial assistance for accommodation,NSW,218.0
2023-03-01,Nights in emergency accommodation,NSW,48902.0
2023-03-01,Emergency accommodation,NSW,2454.0
2023-03-01,Homeless,NSW,11999.0
2023-03-01,At risk of homelessness,NSW,11912.0
2023-02-01,Indigenous,NSW,7748.0
2023-02-01,FDV,NSW,8314.0
2023-02-01,Mental health,NSW,8054.0
2023-02-01,Drug or alcohol issues,NSW,1712.0
2023-02-01,Financial assistance for accommodation,NSW,187.0
2023-02-01,Nights in emergency accommodation,NSW,45283.0
2023-02-01,Emergency accommodation,NSW,2336.0
2023-02-01,Homeless,NSW,11659.0
2023-02-01,At risk of homelessness,NSW,11464.0
2023-01-01,Indigenous,NSW,7484.0
2023-01-01,FDV,NSW,7955.0
2023-01-01,Mental health,NSW,7846.0
2023-01-01,Drug or alcohol issues,NSW,1600.0
2023-01-01,Financial assistance for accommodation,NSW,193.0
2023-01-01,Nights in emergency accommodation,NSW,47445.0
2023-01-01,Emergency accommodation,NSW,2328.0
2023-01-01,Homeless,NSW,11478.0
2023-01-01,At risk of homelessness,NSW,10703.0
2022-12-01,Indigenous,NSW,7274.0
2022-12-01,FDV,NSW,7577.0
2022-12-01,Mental health,NSW,7762.0
2022-12-01,Drug or alcohol issues,NSW,1547.0
2022-12-01,Financial assistance for accommodation,NSW,178.0
2022-12-01,Nights in emergency accommodation,NSW,46492.0
2022-12-01,Emergency accommodation,NSW,2218.0
2022-12-01,Homeless,NSW,11007.0
2022-12-01,At risk of homelessness,NSW,10704.0
2022-11-01,Indigenous,NSW,7741.0
2022-11-01,FDV,NSW,8014.0
2022-11-01,Mental health,NSW,8177.0
2022-11-01,Drug or alcohol issues,NSW,1618.0
2022-11-01,Financial assistance for accommodation,NSW,206.0
2022-11-01,Nights in emergency accommodation,NSW,46133.0
2022-11-01,Emergency accommodation,NSW,2375.0
2022-11-01,Homeless,NSW,11478.0
2022-11-01,At risk of homelessness,NSW,11184.0
2022-10-01,Indigenous,NSW,7442.0
2022-10-01,FDV,NSW,7923.0
2022-10-01,Mental health,NSW,8028.0
2022-10-01,Drug or alcohol issues,NSW,1566.0
2022-10-01,Financial assistance for accommodation,NSW,181.0
2022-10-01,Nights in emergency accommodation,NSW,46883.0
2022-10-01,Emergency accommodation,NSW,2281.0
2022-10-01,Homeless,NSW,11197.0
2022-10-01,At risk of homelessness,NSW,10976.0
2022-09-01,Indigenous,NSW,7347.0
2022-09-01,FDV,NSW,7975.0
2022-09-01,Mental health,NSW,8032.0
2022-09-01,Drug or alcohol issues,NSW,1619.0
2022-09-01,Financial assistance for accommodation,NSW,195.0
2022-09-01,Nights in emergency accommodation,NSW,43512.0
2022-09-01,Emergency accommodation,NSW,2156.0
2022-09-01,Homeless,NSW,11168.0
2022-09-01,At risk of homelessness,NSW,11184.0
2022-08-01,Indigenous,NSW,7426.0
2022-08-01,FDV,NSW,8021.0
2022-08-01,Mental health,NSW,8115.0
2022-08-01,Drug or alcohol issues,NSW,1695.0
2022-08-01,Financial assistance for accommodation,NSW,190.0
2022-08-01,Nights in emergency accommodation,NSW,44637.0
2022-08-01,Emergency accommodation,NSW,2155.0
2022-08-01,Homeless,NSW,11185.0
2022-08-01,At risk of homelessness,NSW,11461.0
2022-07-01,Indigenous,NSW,7197.0
2022-07-01,FDV,NSW,7776.0
2022-07-01,Mental health,NSW,7879.0
2022-07-01,Drug or alcohol issues,NSW,1650.0
2022-07-01,Financial assistance for accommodation,NSW,182.0
2022-07-01,Nights in emergency accommodation,NSW,45265.0
2022-07-01,Emergency accommodation,NSW,2142.0
2022-07-01,Homeless,NSW,10951.0
2022-07-01,At risk of homelessness,NSW,11153.0
2022-06-01,Indigenous,NSW,7483.0
2022-06-01,FDV,NSW,7933.0
2022-06-01,Mental health,NSW,7960.0
2022-06-01,Drug or alcohol issues,NSW,1688.0
2022-06-01,Financial assistance for accommodation,NSW,194.0
2022-06-01,Nights in emergency accommodation,NSW,44095.0
2022-06-01,Emergency accommodation,NSW,2257.0
2022-06-01,Homeless,NSW,11420.0
2022-06-01,At risk of homelessness,NSW,11461.0
2022-05-01,Indigenous,NSW,7379.0
2022-05-01,FDV,NSW,8081.0
2022-05-01,Mental health,NSW,8054.0
2022-05-01,Drug or alcohol issues,NSW,1751.0
2022-05-01,Financial assistance for accommodation,NSW,208.0
2022-05-01,Nights in emergency accommodation,NSW,45729.0
2022-05-01,Emergency accommodation,NSW,2311.0
2022-05-01,Homeless,NSW,11265.0
2022-05-01,At risk of homelessness,NSW,11657.0
2022-04-01,Indigenous,NSW,7174.0
2022-04-01,FDV,NSW,7965.0
2022-04-01,Mental health,NSW,7926.0
2022-04-01,Drug or alcohol issues,NSW,1626.0
2022-04-01,Financial assistance for accommodation,NSW,168.0
2022-04-01,Nights in emergency accommodation,NSW,42948.0
2022-04-01,Emergency accommodation,NSW,2128.0
2022-04-01,Homeless,NSW,10972.0
2022-04-01,At risk of homelessness,NSW,11420.0
2022-03-01,Indigenous,NSW,7543.0
2022-03-01,FDV,NSW,8499.0
2022-03-01,Mental health,NSW,8366.0
2022-03-01,Drug or alcohol issues,NSW,1740.0
2022-03-01,Financial assistance for accommodation,NSW,218.0
2022-03-01,Nights in emergency accommodation,NSW,44406.0
2022-03-01,Emergency accommodation,NSW,2196.0
2022-03-01,Homeless,NSW,11407.0
2022-03-01,At risk of homelessness,NSW,12006.0
2022-02-01,Indigenous,NSW,7303.0
2022-02-01,FDV,NSW,8278.0
2022-02-01,Mental health,NSW,8196.0
2022-02-01,Drug or alcohol issues,NSW,1741.0
2022-02-01,Financial assistance for accommodation,NSW,206.0
2022-02-01,Nights in emergency accommodation,NSW,40188.0
2022-02-01,Emergency accommodation,NSW,2160.0
2022-02-01,Homeless,NSW,11063.0
2022-02-01,At risk of homelessness,NSW,11706.0
2022-01-01,Indigenous,NSW,7076.0
2022-01-01,FDV,NSW,8173.0
2022-01-01,Mental health,NSW,8103.0
2022-01-01,Drug or alcohol issues,NSW,1695.0
2022-01-01,Financial assistance for accommodation,NSW,199.0
2022-01-01,Nights in emergency accommodation,NSW,41958.0
2022-01-01,Emergency accommodation,NSW,1989.0
2022-01-01,Homeless,NSW,10697.0
2022-01-01,At risk of homelessness,NSW,11536.0
2021-12-01,Indigenous,NSW,7182.0
2021-12-01,FDV,NSW,8225.0
2021-12-01,Mental health,NSW,8239.0
2021-12-01,Drug or alcohol issues,NSW,1721.0
2021-12-01,Financial assistance for accommodation,NSW,208.0
2021-12-01,Nights in emergency accommodation,NSW,42530.0
2021-12-01,Emergency accommodation,NSW,1995.0
2021-12-01,Homeless,NSW,10524.0
2021-12-01,At risk of homelessness,NSW,11916.0
2021-11-01,Indigenous,NSW,7571.0
2021-11-01,FDV,NSW,8622.0
2021-11-01,Mental health,NSW,8763.0
2021-11-01,Drug or alcohol issues,NSW,1840.0
2021-11-01,Financial assistance for accommodation,NSW,194.0
2021-11-01,Nights in emergency accommodation,NSW,40415.0
2021-11-01,Emergency accommodation,NSW,1989.0
2021-11-01,Homeless,NSW,11158.0
2021-11-01,At risk of homelessness,NSW,12314.0
2021-10-01,Indigenous,NSW,7331.0
2021-10-01,FDV,NSW,8264.0
2021-10-01,Mental health,NSW,8534.0
2021-10-01,Drug or alcohol issues,NSW,1851.0
2021-10-01,Financial assistance for accommodation,NSW,161.0
2021-10-01,Nights in emergency accommodation,NSW,39443.0
2021-10-01,Emergency accommodation,NSW,1925.0
2021-10-01,Homeless,NSW,11053.0
2021-10-01,At risk of homelessness,NSW,12072.0
2021-09-01,Indigenous,NSW,7270.0
2021-09-01,FDV,NSW,8277.0
2021-09-01,Mental health,NSW,8638.0
2021-09-01,Drug or alcohol issues,NSW,1938.0
2021-09-01,Financial assistance for accommodation,NSW,172.0
2021-09-01,Nights in emergency accommodation,NSW,39144.0
2021-09-01,Emergency accommodation,NSW,1866.0
2021-09-01,Homeless,NSW,11118.0
2021-09-01,At risk of homelessness,NSW,12149.0
2021-08-01,Indigenous,NSW,7436.0
2021-08-01,FDV,NSW,8427.0
2021-08-01,Mental health,NSW,8692.0
2021-08-01,Drug or alcohol issues,NSW,1944.0
2021-08-01,Financial assistance for accommodation,NSW,135.0
2021-08-01,Nights in emergency accommodation,NSW,41337.0
2021-08-01,Emergency accommodation,NSW,1881.0
2021-08-01,Homeless,NSW,11000.0
2021-08-01,At risk of homelessness,NSW,12373.0
2021-07-01,Indigenous,NSW,7485.0
2021-07-01,FDV,NSW,8486.0
2021-07-01,Mental health,NSW,8693.0
2021-07-01,Drug or alcohol issues,NSW,1910.0
2021-07-01,Financial assistance for accommodation,NSW,195.0
2021-07-01,Nights in emergency accommodation,NSW,43446.0
2021-07-01,Emergency accommodation,NSW,2021.0
2021-07-01,Homeless,NSW,11066.0
2021-07-01,At risk of homelessness,NSW,12657.0
2021-06-01,Indigenous,NSW,7654.0
2021-06-01,FDV,NSW,8678.0
2021-06-01,Mental health,NSW,8663.0
2021-06-01,Drug or alcohol issues,NSW,1912.0
2021-06-01,Financial assistance for accommodation,NSW,193.0
2021-06-01,Nights in emergency accommodation,NSW,45686.0
2021-06-01,Emergency accommodation,NSW,2246.0
2021-06-01,Homeless,NSW,11083.0
2021-06-01,At risk of homelessness,NSW,12848.0
2021-05-01,Indigenous,NSW,7702.0
2021-05-01,FDV,NSW,8912.0
2021-05-01,Mental health,NSW,8752.0
2021-05-01,Drug or alcohol issues,NSW,1999.0
2021-05-01,Financial assistance for accommodation,NSW,202.0
2021-05-01,Nights in emergency accommodation,NSW,47191.0
2021-05-01,Emergency accommodation,NSW,2359.0
2021-05-01,Homeless,NSW,11319.0
2021-05-01,At risk of homelessness,NSW,13075.0
2021-04-01,Indigenous,NSW,7538.0
2021-04-01,FDV,NSW,8761.0
2021-04-01,Mental health,NSW,8552.0
2021-04-01,Drug or alcohol issues,NSW,1994.0
2021-04-01,Financial assistance for accommodation,NSW,180.0
2021-04-01,Nights in emergency accommodation,NSW,45842.0
2021-04-01,Emergency accommodation,NSW,2328.0
2021-04-01,Homeless,NSW,11244.0
2021-04-01,At risk of homelessness,NSW,12925.0
2021-03-01,Indigenous,NSW,7632.0
2021-03-01,FDV,NSW,8938.0
2021-03-01,Mental health,NSW,8787.0
2021-03-01,Drug or alcohol issues,NSW,2107.0
2021-03-01,Financial assistance for accommodation,NSW,244.0
2021-03-01,Nights in emergency accommodation,NSW,47391.0
2021-03-01,Emergency accommodation,NSW,2454.0
2021-03-01,Homeless,NSW,11503.0
2021-03-01,At risk of homelessness,NSW,12898.0
2021-02-01,Indigenous,NSW,7678.0
2021-02-01,FDV,NSW,8642.0
2021-02-01,Mental health,NSW,8439.0
2021-02-01,Drug or alcohol issues,NSW,2013.0
2021-02-01,Financial assistance for accommodation,NSW,202.0
2021-02-01,Nights in emergency accommodation,NSW,41364.0
2021-02-01,Emergency accommodation,NSW,2336.0
2021-02-01,Homeless,NSW,11103.0
2021-02-01,At risk of homelessness,NSW,12475.0
2021-01-01,Indigenous,NSW,7097.0
2021-01-01,FDV,NSW,8365.0
2021-01-01,Mental health,NSW,8052.0
2021-01-01,Drug or alcohol issues,NSW,1929.0
2021-01-01,Financial assistance for accommodation,NSW,180.0
2021-01-01,Nights in emergency accommodation,NSW,44224.0
2021-01-01,Emergency accommodation,NSW,2207.0
2021-01-01,Homeless,NSW,10551.0
2021-01-01,At risk of homelessness,NSW,11739.0
2020-12-01,Indigenous,NSW,7100.0
2020-12-01,FDV,NSW,8144.0
2020-12-01,Mental health,NSW,7992.0
2020-12-01,Drug or alcohol issues,NSW,1951.0
2020-12-01,Financial assistance for accommodation,NSW,198.0
2020-12-01,Nights in emergency accommodation,NSW,44498.0
2020-12-01,Emergency accommodation,NSW,2285.0
2020-12-01,Homeless,NSW,10368.0
2020-12-01,At risk of homelessness,NSW,12048.0
2020-11-01,Indigenous,NSW,7453.0
2020-11-01,FDV,NSW,8413.0
2020-11-01,Mental health,NSW,8348.0
2020-11-01,Drug or alcohol issues,NSW,2095.0
2020-11-01,Financial assistance for accommodation,NSW,202.0
2020-11-01,Nights in emergency accommodation,NSW,41180.0
2020-11-01,Emergency accommodation,NSW,2243.0
2020-11-01,Homeless,NSW,10809.0
2020-11-01,At risk of homelessness,NSW,12461.0
2020-10-01,Indigenous,NSW,7281.0
2020-10-01,FDV,NSW,8366.0
2020-10-01,Mental health,NSW,8215.0
2020-10-01,Drug or alcohol issues,NSW,2110.0
2020-10-01,Financial assistance for accommodation,NSW,180.0
2020-10-01,Nights in emergency accommodation,NSW,41478.0
2020-10-01,Emergency accommodation,NSW,2185.0
2020-10-01,Homeless,NSW,10707.0
2020-10-01,At risk of homelessness,NSW,12204.0
2020-09-01,Indigenous,NSW,7134.0
2020-09-01,FDV,NSW,8287.0
2020-09-01,Mental health,NSW,8239.0
2020-09-01,Drug or alcohol issues,NSW,2108.0
2020-09-01,Financial assistance for accommodation,NSW,167.0
2020-09-01,Nights in emergency accommodation,NSW,41650.0
2020-09-01,Emergency accommodation,NSW,2135.0
2020-09-01,Homeless,NSW,10691.0
2020-09-01,At risk of homelessness,NSW,12155.0
2020-08-01,Indigenous,NSW,6793.0
2020-08-01,FDV,NSW,8006.0
2020-08-01,Mental health,NSW,7964.0
2020-08-01,Drug or alcohol issues,NSW,2059.0
2020-08-01,Financial assistance for accommodation,NSW,157.0
2020-08-01,Nights in emergency accommodation,NSW,41458.0
2020-08-01,Emergency accommodation,NSW,2088.0
2020-08-01,Homeless,NSW,10233.0
2020-08-01,At risk of homelessness,NSW,11708.0
2020-07-01,Indigenous,NSW,6565.0
2020-07-01,FDV,NSW,7938.0
2020-07-01,Mental health,NSW,7953.0
2020-07-01,Drug or alcohol issues,NSW,2054.0
2020-07-01,Financial assistance for accommodation,NSW,156.0
2020-07-01,Nights in emergency accommodation,NSW,41446.0
2020-07-01,Emergency accommodation,NSW,2061.0
2020-07-01,Homeless,NSW,10185.0
2020-07-01,At risk of homelessness,NSW,11783.0
2020-06-01,Indigenous,NSW,6735.0
2020-06-01,FDV,NSW,8107.0
2020-06-01,Mental health,NSW,7980.0
2020-06-01,Drug or alcohol issues,NSW,2037.0
2020-06-01,Financial assistance for accommodation,NSW,172.0
2020-06-01,Nights in emergency accommodation,NSW,38784.0
2020-06-01,Emergency accommodation,NSW,1989.0
2020-06-01,Homeless,NSW,10407.0
2020-06-01,At risk of homelessness,NSW,11944.0
2020-05-01,Indigenous,NSW,6564.0
2020-05-01,FDV,NSW,7898.0
2020-05-01,Mental health,NSW,7735.0
2020-05-01,Drug or alcohol issues,NSW,1989.0
2020-05-01,Financial assistance for accommodation,NSW,147.0
2020-05-01,Nights in emergency accommodation,NSW,39512.0
2020-05-01,Emergency accommodation,NSW,1920.0
2020-05-01,Homeless,NSW,10290.0
2020-05-01,At risk of homelessness,NSW,11635.0
2020-04-01,Indigenous,NSW,6496.0
2020-04-01,FDV,NSW,7814.0
2020-04-01,Mental health,NSW,7620.0
2020-04-01,Drug or alcohol issues,NSW,1956.0
2020-04-01,Financial assistance for accommodation,NSW,173.0
2020-04-01,Nights in emergency accommodation,NSW,38884.0
2020-04-01,Emergency accommodation,NSW,1964.0
2020-04-01,Homeless,NSW,10094.0
2020-04-01,At risk of homelessness,NSW,11866.0
2020-03-01,Indigenous,NSW,6960.0
2020-03-01,FDV,NSW,8056.0
2020-03-01,Mental health,NSW,7835.0
2020-03-01,Drug or alcohol issues,NSW,2013.0
2020-03-01,Financial assistance for accommodation,NSW,205.0
2020-03-01,Nights in emergency accommodation,NSW,49506.0
2020-03-01,Emergency accommodation,NSW,2490.0
2020-03-01,Homeless,NSW,10385.0
2020-03-01,At risk of homelessness,NSW,12650.0
2020-02-01,Indigenous,NSW,6900.0
2020-02-01,FDV,NSW,7998.0
2020-02-01,Mental health,NSW,7757.0
2020-02-01,Drug or alcohol issues,NSW,2099.0
2020-02-01,Financial assistance for accommodation,NSW,186.0
2020-02-01,Nights in emergency accommodation,NSW,47946.0
2020-02-01,Emergency accommodation,NSW,2609.0
2020-02-01,Homeless,NSW,10428.0
2020-02-01,At risk of homelessness,NSW,12269.0
2020-01-01,Indigenous,NSW,6682.0
2020-01-01,FDV,NSW,7893.0
2020-01-01,Mental health,NSW,7722.0
2020-01-01,Drug or alcohol issues,NSW,2066.0
2020-01-01,Financial assistance for accommodation,NSW,211.0
2020-01-01,Nights in emergency accommodation,NSW,49702.0
2020-01-01,Emergency accommodation,NSW,2602.0
2020-01-01,Homeless,NSW,10172.0
2020-01-01,At risk of homelessness,NSW,12018.0
2019-12-01,Indigenous,NSW,6362.0
2019-12-01,FDV,NSW,7321.0
2019-12-01,Mental health,NSW,7384.0
2019-12-01,Drug or alcohol issues,NSW,1993.0
2019-12-01,Financial assistance for accommodation,NSW,148.0
2019-12-01,Nights in emergency accommodation,NSW,46947.0
2019-12-01,Emergency accommodation,NSW,2373.0
2019-12-01,Homeless,NSW,9460.0
2019-12-01,At risk of homelessness,NSW,11713.0
2019-11-01,Indigenous,NSW,6673.0
2019-11-01,FDV,NSW,7744.0
2019-11-01,Mental health,NSW,7968.0
2019-11-01,Drug or alcohol issues,NSW,2238.0
2019-11-01,Financial assistance for accommodation,NSW,179.0
2019-11-01,Nights in emergency accommodation,NSW,45684.0
2019-11-01,Emergency accommodation,NSW,2465.0
2019-11-01,Homeless,NSW,10098.0
2019-11-01,At risk of homelessness,NSW,12293.0
2019-10-01,Indigenous,NSW,6739.0
2019-10-01,FDV,NSW,7833.0
2019-10-01,Mental health,NSW,7890.0
2019-10-01,Drug or alcohol issues,NSW,2251.0
2019-10-01,Financial assistance for accommodation,NSW,176.0
2019-10-01,Nights in emergency accommodation,NSW,45041.0
2019-10-01,Emergency accommodation,NSW,2441.0
2019-10-01,Homeless,NSW,10096.0
2019-10-01,At risk of homelessness,NSW,12097.0
2019-09-01,Indigenous,NSW,6798.0
2019-09-01,FDV,NSW,7677.0
2019-09-01,Mental health,NSW,7781.0
2019-09-01,Drug or alcohol issues,NSW,2262.0
2019-09-01,Financial assistance for accommodation,NSW,154.0
2019-09-01,Nights in emergency accommodation,NSW,45893.0
2019-09-01,Emergency accommodation,NSW,2430.0
2019-09-01,Homeless,NSW,9975.0
2019-09-01,At risk of homelessness,NSW,12231.0
2019-08-01,Indigenous,NSW,6848.0
2019-08-01,FDV,NSW,7786.0
2019-08-01,Mental health,NSW,7756.0
2019-08-01,Drug or alcohol issues,NSW,2213.0
2019-08-01,Financial assistance for accommodation,NSW,181.0
2019-08-01,Nights in emergency accommodation,NSW,47404.0
2019-08-01,Emergency accommodation,NSW,2438.0
2019-08-01,Homeless,NSW,10097.0
2019-08-01,At risk of homelessness,NSW,12158.0
2019-07-01,Indigenous,NSW,6737.0
2019-07-01,FDV,NSW,7832.0
2019-07-01,Mental health,NSW,7793.0
2019-07-01,Drug or alcohol issues,NSW,2236.0
2019-07-01,Financial assistance for accommodation,NSW,230.0
2019-07-01,Nights in emergency accommodation,NSW,46941.0
2019-07-01,Emergency accommodation,NSW,2502.0
2019-07-01,Homeless,NSW,10224.0
2019-07-01,At risk of homelessness,NSW,12028.0
2019-06-01,Indigenous,NSW,6679.0
2019-06-01,FDV,NSW,7714.0
2019-06-01,Mental health,NSW,7691.0
2019-06-01,Drug or alcohol issues,NSW,2164.0
2019-06-01,Financial assistance for accommodation,NSW,222.0
2019-06-01,Nights in emergency accommodation,NSW,46102.0
2019-06-01,Emergency accommodation,NSW,2481.0
2019-06-01,Homeless,NSW,10124.0
2019-06-01,At risk of homelessness,NSW,12136.0
2019-05-01,Indigenous,NSW,6804.0
2019-05-01,FDV,NSW,8042.0
2019-05-01,Mental health,NSW,7995.0
2019-05-01,Drug or alcohol issues,NSW,2302.0
2019-05-01,Financial assistance for accommodation,NSW,220.0
2019-05-01,Nights in emergency accommodation,NSW,48039.0
2019-05-01,Emergency accommodation,NSW,2530.0
2019-05-01,Homeless,NSW,10358.0
2019-05-01,At risk of homelessness,NSW,12446.0
2019-04-01,Indigenous,NSW,6715.0
2019-04-01,FDV,NSW,7791.0
2019-04-01,Mental health,NSW,7640.0
2019-04-01,Drug or alcohol issues,NSW,2247.0
2019-04-01,Financial assistance for accommodation,NSW,212.0
2019-04-01,Nights in emergency accommodation,NSW,46541.0
2019-04-01,Emergency accommodation,NSW,2427.0
2019-04-01,Homeless,NSW,10330.0
2019-04-01,At risk of homelessness,NSW,12032.0
2019-03-01,Indigenous,NSW,6711.0
2019-03-01,FDV,NSW,7928.0
2019-03-01,Mental health,NSW,7765.0
2019-03-01,Drug or alcohol issues,NSW,2308.0
2019-03-01,Financial assistance for accommodation,NSW,237.0
2019-03-01,Nights in emergency accommodation,NSW,47099.0
2019-03-01,Emergency accommodation,NSW,2477.0
2019-03-01,Homeless,NSW,10594.0
2019-03-01,At risk of homelessness,NSW,12180.0
2019-02-01,Indigenous,NSW,6555.0
2019-02-01,FDV,NSW,7966.0
2019-02-01,Mental health,NSW,7640.0
2019-02-01,Drug or alcohol issues,NSW,2253.0
2019-02-01,Financial assistance for accommodation,NSW,206.0
2019-02-01,Nights in emergency accommodation,NSW,43209.0
2019-02-01,Emergency accommodation,NSW,2438.0
2019-02-01,Homeless,NSW,10647.0
2019-02-01,At risk of homelessness,NSW,11718.0
2019-01-01,Indigenous,NSW,6472.0
2019-01-01,FDV,NSW,7913.0
2019-01-01,Mental health,NSW,7667.0
2019-01-01,Drug or alcohol issues,NSW,2269.0
2019-01-01,Financial assistance for accommodation,NSW,233.0
2019-01-01,Nights in emergency accommodation,NSW,45156.0
2019-01-01,Emergency accommodation,NSW,2463.0
2019-01-01,Homeless,NSW,10523.0
2019-01-01,At risk of homelessness,NSW,11500.0
2018-12-01,Indigenous,NSW,6382.0
2018-12-01,FDV,NSW,7542.0
2018-12-01,Mental health,NSW,7218.0
2018-12-01,Drug or alcohol issues,NSW,2102.0
2018-12-01,Financial assistance for accommodation,NSW,167.0
2018-12-01,Nights in emergency accommodation,NSW,42908.0
2018-12-01,Emergency accommodation,NSW,2177.0
2018-12-01,Homeless,NSW,9956.0
2018-12-01,At risk of homelessness,NSW,11305.0
2018-11-01,Indigenous,NSW,6830.0
2018-11-01,FDV,NSW,8114.0
2018-11-01,Mental health,NSW,7835.0
2018-11-01,Drug or alcohol issues,NSW,2338.0
2018-11-01,Financial assistance for accommodation,NSW,213.0
2018-11-01,Nights in emergency accommodation,NSW,42878.0
2018-11-01,Emergency accommodation,NSW,2338.0
2018-11-01,Homeless,NSW,10611.0
2018-11-01,At risk of homelessness,NSW,12100.0
2018-10-01,Indigenous,NSW,6726.0
2018-10-01,FDV,NSW,8118.0
2018-10-01,Mental health,NSW,7697.0
2018-10-01,Drug or alcohol issues,NSW,2343.0
2018-10-01,Financial assistance for accommodation,NSW,234.0
2018-10-01,Nights in emergency accommodation,NSW,45497.0
2018-10-01,Emergency accommodation,NSW,2478.0
2018-10-01,Homeless,NSW,10617.0
2018-10-01,At risk of homelessness,NSW,12119.0
2018-09-01,Indigenous,NSW,6526.0
2018-09-01,FDV,NSW,7900.0
2018-09-01,Mental health,NSW,7396.0
2018-09-01,Drug or alcohol issues,NSW,2273.0
2018-09-01,Financial assistance for accommodation,NSW,183.0
2018-09-01,Nights in emergency accommodation,NSW,45674.0
2018-09-01,Emergency accommodation,NSW,2387.0
2018-09-01,Homeless,NSW,10176.0
2018-09-01,At risk of homelessness,NSW,11729.0
2018-08-01,Indigenous,NSW,6850.0
2018-08-01,FDV,NSW,8239.0
2018-08-01,Mental health,NSW,7686.0
2018-08-01,Drug or alcohol issues,NSW,2310.0
2018-08-01,Financial assistance for accommodation,NSW,193.0
2018-08-01,Nights in emergency accommodation,NSW,46249.0
2018-08-01,Emergency accommodation,NSW,2390.0
2018-08-01,Homeless,NSW,10750.0
2018-08-01,At risk of homelessness,NSW,11911.0
2018-07-01,Indigenous,NSW,6611.0
2018-07-01,FDV,NSW,8005.0
2018-07-01,Mental health,NSW,7488.0
2018-07-01,Drug or alcohol issues,NSW,2218.0
2018-07-01,Financial assistance for accommodation,NSW,203.0
2018-07-01,Nights in emergency accommodation,NSW,46215.0
2018-07-01,Emergency accommodation,NSW,2432.0
2018-07-01,Homeless,NSW,10377.0
2018-07-01,At risk of homelessness,NSW,11664.0
2018-06-01,Indigenous,NSW,6568.0
2018-06-01,FDV,NSW,7841.0
2018-06-01,Mental health,NSW,7389.0
2018-06-01,Drug or alcohol issues,NSW,2196.0
2018-06-01,Financial assistance for accommodation,NSW,180.0
2018-06-01,Nights in emergency accommodation,NSW,45807.0
2018-06-01,Emergency accommodation,NSW,2351.0
2018-06-01,Homeless,NSW,10350.0
2018-06-01,At risk of homelessness,NSW,11683.0
2018-05-01,Indigenous,NSW,6648.0
2018-05-01,FDV,NSW,8060.0
2018-05-01,Mental health,NSW,7544.0
2018-05-01,Drug or alcohol issues,NSW,2255.0
2018-05-01,Financial assistance for accommodation,NSW,218.0
2018-05-01,Nights in emergency accommodation,NSW,50247.0
2018-05-01,Emergency accommodation,NSW,2474.0
2018-05-01,Homeless,NSW,10624.0
2018-05-01,At risk of homelessness,NSW,11735.0
2018-04-01,Indigenous,NSW,6370.0
2018-04-01,FDV,NSW,7775.0
2018-04-01,Mental health,NSW,7305.0
2018-04-01,Drug or alcohol issues,NSW,2160.0
2018-04-01,Financial assistance for accommodation,NSW,194.0
2018-04-01,Nights in emergency accommodation,NSW,47797.0
2018-04-01,Emergency accommodation,NSW,2495.0
2018-04-01,Homeless,NSW,10250.0
2018-04-01,At risk of homelessness,NSW,11117.0
2018-03-01,Indigenous,NSW,6604.0
2018-03-01,FDV,NSW,7762.0
2018-03-01,Mental health,NSW,7361.0
2018-03-01,Drug or alcohol issues,NSW,2282.0
2018-03-01,Financial assistance for accommodation,NSW,190.0
2018-03-01,Nights in emergency accommodation,NSW,48591.0
2018-03-01,Emergency accommodation,NSW,2514.0
2018-03-01,Homeless,NSW,10544.0
2018-03-01,At risk of homelessness,NSW,11403.0
2018-02-01,Indigenous,NSW,6516.0
2018-02-01,FDV,NSW,7735.0
2018-02-01,Mental health,NSW,7106.0
2018-02-01,Drug or alcohol issues,NSW,2253.0
2018-02-01,Financial assistance for accommodation,NSW,180.0
2018-02-01,Nights in emergency accommodation,NSW,42190.0
2018-02-01,Emergency accommodation,NSW,2311.0
2018-02-01,Homeless,NSW,10305.0
2018-02-01,At risk of homelessness,NSW,11130.0
2018-01-01,Indigenous,NSW,6284.0
2018-01-01,FDV,NSW,7523.0
2018-01-01,Mental health,NSW,7000.0
2018-01-01,Drug or alcohol issues,NSW,2234.0
2018-01-01,Financial assistance for accommodation,NSW,159.0
2018-01-01,Nights in emergency accommodation,NSW,45822.0
2018-01-01,Emergency accommodation,NSW,2394.0
2018-01-01,Homeless,NSW,10060.0
2018-01-01,At risk of homelessness,NSW,10826.0
2017-12-01,Indigenous,NSW,6003.0
2017-12-01,FDV,NSW,7070.0
2017-12-01,Mental health,NSW,6596.0
2017-12-01,Drug or alcohol issues,NSW,2123.0
2017-12-01,Financial assistance for accommodation,NSW,146.0
2017-12-01,Nights in emergency accommodation,NSW,46071.0
2017-12-01,Emergency accommodation,NSW,2254.0
2017-12-01,Homeless,NSW,9551.0
2017-12-01,At risk of homelessness,NSW,10456.0
2017-11-01,Indigenous,NSW,6405.0
2017-11-01,FDV,NSW,7588.0
2017-11-01,Mental health,NSW,7142.0
2017-11-01,Drug or alcohol issues,NSW,2288.0
2017-11-01,Financial assistance for accommodation,NSW,191.0
2017-11-01,Nights in emergency accommodation,NSW,46349.0
2017-11-01,Emergency accommodation,NSW,2456.0
2017-11-01,Homeless,NSW,10105.0
2017-11-01,At risk of homelessness,NSW,11219.0
2017-10-01,Indigenous,NSW,6283.0
2017-10-01,FDV,NSW,7399.0
2017-10-01,Mental health,NSW,7032.0
2017-10-01,Drug or alcohol issues,NSW,2238.0
2017-10-01,Financial assistance for accommodation,NSW,172.0
2017-10-01,Nights in emergency accommodation,NSW,48034.0
2017-10-01,Emergency accommodation,NSW,2502.0
2017-10-01,Homeless,NSW,9986.0
2017-10-01,At risk of homelessness,NSW,10819.0
2017-09-01,Indigenous,NSW,6245.0
2017-09-01,FDV,NSW,7304.0
2017-09-01,Mental health,NSW,6971.0
2017-09-01,Drug or alcohol issues,NSW,2191.0
2017-09-01,Financial assistance for accommodation,NSW,192.0
2017-09-01,Nights in emergency accommodation,NSW,45496.0
2017-09-01,Emergency accommodation,NSW,2394.0
2017-09-01,Homeless,NSW,10112.0
2017-09-01,At risk of homelessness,NSW,10569.0
2017-08-01,Indigenous,NSW,6286.0
2017-08-01,FDV,NSW,7207.0
2017-08-01,Mental health,NSW,7052.0
2017-08-01,Drug or alcohol issues,NSW,2265.0
2017-08-01,Financial assistance for accommodation,NSW,175.0
2017-08-01,Nights in emergency accommodation,NSW,46826.0
2017-08-01,Emergency accommodation,NSW,2398.0
2017-08-01,Homeless,NSW,10064.0
2017-08-01,At risk of homelessness,NSW,10808.0
2017-07-01,Indigenous,NSW,6197.0
2017-07-01,FDV,NSW,7068.0
2017-07-01,Mental health,NSW,6939.0
2017-07-01,Drug or alcohol issues,NSW,2210.0
2017-07-01,Financial assistance for accommodation,NSW,175.0
2017-07-01,Nights in emergency accommodation,NSW,45550.0
2017-07-01,Emergency accommodation,NSW,2333.0
2017-07-01,Homeless,NSW,10027.0
2017-07-01,At risk of homelessness,NSW,10696.0
2026-03-01,Indigenous,Vic,5400.0
2026-03-01,FDV,Vic,15091.0
2026-03-01,Mental health,Vic,9547.0
2026-03-01,Drug or alcohol issues,Vic,2686.0
2026-03-01,Financial assistance for accommodation,Vic,2067.0
2026-03-01,Nights in emergency accommodation,Vic,53909.0
2026-03-01,Emergency accommodation,Vic,3981.0
2026-03-01,Homeless,Vic,14865.0
2026-03-01,At risk of homelessness,Vic,17181.0
2026-02-01,Indigenous,Vic,5329.0
2026-02-01,FDV,Vic,14844.0
2026-02-01,Mental health,Vic,9371.0
2026-02-01,Drug or alcohol issues,Vic,2633.0
2026-02-01,Financial assistance for accommodation,Vic,1919.0
2026-02-01,Nights in emergency accommodation,Vic,48091.0
2026-02-01,Emergency accommodation,Vic,3786.0
2026-02-01,Homeless,Vic,14637.0
2026-02-01,At risk of homelessness,Vic,16823.0
2026-01-01,Indigenous,Vic,5090.0
2026-01-01,FDV,Vic,14454.0
2026-01-01,Mental health,Vic,9016.0
2026-01-01,Drug or alcohol issues,Vic,2598.0
2026-01-01,Financial assistance for accommodation,Vic,2092.0
2026-01-01,Nights in emergency accommodation,Vic,54405.0
2026-01-01,Emergency accommodation,Vic,4017.0
2026-01-01,Homeless,Vic,14515.0
2026-01-01,At risk of homelessness,Vic,15799.0
2025-12-01,Indigenous,Vic,4944.0
2025-12-01,FDV,Vic,14467.0
2025-12-01,Mental health,Vic,8872.0
2025-12-01,Drug or alcohol issues,Vic,2495.0
2025-12-01,Financial assistance for accommodation,Vic,1759.0
2025-12-01,Nights in emergency accommodation,Vic,54117.0
2025-12-01,Emergency accommodation,Vic,3692.0
2025-12-01,Homeless,Vic,14368.0
2025-12-01,At risk of homelessness,Vic,15708.0
2025-11-01,Indigenous,Vic,5003.0
2025-11-01,FDV,Vic,14360.0
2025-11-01,Mental health,Vic,8840.0
2025-11-01,Drug or alcohol issues,Vic,2452.0
2025-11-01,Financial assistance for accommodation,Vic,1663.0
2025-11-01,Nights in emergency accommodation,Vic,49250.0
2025-11-01,Emergency accommodation,Vic,3556.0
2025-11-01,Homeless,Vic,14458.0
2025-11-01,At risk of homelessness,Vic,15707.0
2025-10-01,Indigenous,Vic,5098.0
2025-10-01,FDV,Vic,14592.0
2025-10-01,Mental health,Vic,9128.0
2025-10-01,Drug or alcohol issues,Vic,2541.0
2025-10-01,Financial assistance for accommodation,Vic,1787.0
2025-10-01,Nights in emergency accommodation,Vic,51847.0
2025-10-01,Emergency accommodation,Vic,3646.0
2025-10-01,Homeless,Vic,14667.0
2025-10-01,At risk of homelessness,Vic,16438.0
2025-09-01,Indigenous,Vic,5062.0
2025-09-01,FDV,Vic,14563.0
2025-09-01,Mental health,Vic,9122.0
2025-09-01,Drug or alcohol issues,Vic,2551.0
2025-09-01,Financial assistance for accommodation,Vic,1722.0
2025-09-01,Nights in emergency accommodation,Vic,52097.0
2025-09-01,Emergency accommodation,Vic,3536.0
2025-09-01,Homeless,Vic,14710.0
2025-09-01,At risk of homelessness,Vic,16265.0
2025-08-01,Indigenous,Vic,5093.0
2025-08-01,FDV,Vic,14692.0
2025-08-01,Mental health,Vic,9186.0
2025-08-01,Drug or alcohol issues,Vic,2556.0
2025-08-01,Financial assistance for accommodation,Vic,1705.0
2025-08-01,Nights in emergency accommodation,Vic,54419.0
2025-08-01,Emergency accommodation,Vic,3659.0
2025-08-01,Homeless,Vic,14637.0
2025-08-01,At risk of homelessness,Vic,16408.0
2025-07-01,Indigenous,Vic,5234.0
2025-07-01,FDV,Vic,15011.0
2025-07-01,Mental health,Vic,9434.0
2025-07-01,Drug or alcohol issues,Vic,2606.0
2025-07-01,Financial assistance for accommodation,Vic,1739.0
2025-07-01,Nights in emergency accommodation,Vic,56506.0
2025-07-01,Emergency accommodation,Vic,3868.0
2025-07-01,Homeless,Vic,15030.0
2025-07-01,At risk of homelessness,Vic,16704.0
2025-06-01,Indigenous,Vic,5079.0
2025-06-01,FDV,Vic,15071.0
2025-06-01,Mental health,Vic,9358.0
2025-06-01,Drug or alcohol issues,Vic,2479.0
2025-06-01,Financial assistance for accommodation,Vic,1960.0
2025-06-01,Nights in emergency accommodation,Vic,57220.0
2025-06-01,Emergency accommodation,Vic,4047.0
2025-06-01,Homeless,Vic,14897.0
2025-06-01,At risk of homelessness,Vic,16879.0
2025-05-01,Indigenous,Vic,5130.0
2025-05-01,FDV,Vic,15244.0
2025-05-01,Mental health,Vic,9398.0
2025-05-01,Drug or alcohol issues,Vic,2524.0
2025-05-01,Financial assistance for accommodation,Vic,2080.0
2025-05-01,Nights in emergency accommodation,Vic,59706.0
2025-05-01,Emergency accommodation,Vic,4015.0
2025-05-01,Homeless,Vic,15159.0
2025-05-01,At risk of homelessness,Vic,17145.0
2025-04-01,Indigenous,Vic,4988.0
2025-04-01,FDV,Vic,14800.0
2025-04-01,Mental health,Vic,9127.0
2025-04-01,Drug or alcohol issues,Vic,2419.0
2025-04-01,Financial assistance for accommodation,Vic,1713.0
2025-04-01,Nights in emergency accommodation,Vic,56803.0
2025-04-01,Emergency accommodation,Vic,3848.0
2025-04-01,Homeless,Vic,14872.0
2025-04-01,At risk of homelessness,Vic,16620.0
2025-03-01,Indigenous,Vic,5065.0
2025-03-01,FDV,Vic,14866.0
2025-03-01,Mental health,Vic,9231.0
2025-03-01,Drug or alcohol issues,Vic,2415.0
2025-03-01,Financial assistance for accommodation,Vic,1887.0
2025-03-01,Nights in emergency accommodation,Vic,59525.0
2025-03-01,Emergency accommodation,Vic,4170.0
2025-03-01,Homeless,Vic,15245.0
2025-03-01,At risk of homelessness,Vic,16875.0
2025-02-01,Indigenous,Vic,4939.0
2025-02-01,FDV,Vic,14435.0
2025-02-01,Mental health,Vic,9073.0
2025-02-01,Drug or alcohol issues,Vic,2366.0
2025-02-01,Financial assistance for accommodation,Vic,1873.0
2025-02-01,Nights in emergency accommodation,Vic,55609.0
2025-02-01,Emergency accommodation,Vic,4101.0
2025-02-01,Homeless,Vic,15150.0
2025-02-01,At risk of homelessness,Vic,16419.0
2025-01-01,Indigenous,Vic,4879.0
2025-01-01,FDV,Vic,14341.0
2025-01-01,Mental health,Vic,8938.0
2025-01-01,Drug or alcohol issues,Vic,2346.0
2025-01-01,Financial assistance for accommodation,Vic,2092.0
2025-01-01,Nights in emergency accommodation,Vic,60934.0
2025-01-01,Emergency accommodation,Vic,4393.0
2025-01-01,Homeless,Vic,15043.0
2025-01-01,At risk of homelessness,Vic,16091.0
2024-12-01,Indigenous,Vic,4804.0
2024-12-01,FDV,Vic,13987.0
2024-12-01,Mental health,Vic,8786.0
2024-12-01,Drug or alcohol issues,Vic,2230.0
2024-12-01,Financial assistance for accommodation,Vic,1802.0
2024-12-01,Nights in emergency accommodation,Vic,59137.0
2024-12-01,Emergency accommodation,Vic,3992.0
2024-12-01,Homeless,Vic,14561.0
2024-12-01,At risk of homelessness,Vic,15905.0
2024-11-01,Indigenous,Vic,4811.0
2024-11-01,FDV,Vic,13932.0
2024-11-01,Mental health,Vic,8947.0
2024-11-01,Drug or alcohol issues,Vic,2301.0
2024-11-01,Financial assistance for accommodation,Vic,1871.0
2024-11-01,Nights in emergency accommodation,Vic,56803.0
2024-11-01,Emergency accommodation,Vic,3982.0
2024-11-01,Homeless,Vic,14728.0
2024-11-01,At risk of homelessness,Vic,16004.0
2024-10-01,Indigenous,Vic,4735.0
2024-10-01,FDV,Vic,14259.0
2024-10-01,Mental health,Vic,9398.0
2024-10-01,Drug or alcohol issues,Vic,2331.0
2024-10-01,Financial assistance for accommodation,Vic,2044.0
2024-10-01,Nights in emergency accommodation,Vic,57573.0
2024-10-01,Emergency accommodation,Vic,4065.0
2024-10-01,Homeless,Vic,14958.0
2024-10-01,At risk of homelessness,Vic,16534.0
2024-09-01,Indigenous,Vic,4604.0
2024-09-01,FDV,Vic,13938.0
2024-09-01,Mental health,Vic,9089.0
2024-09-01,Drug or alcohol issues,Vic,2249.0
2024-09-01,Financial assistance for accommodation,Vic,1916.0
2024-09-01,Nights in emergency accommodation,Vic,55771.0
2024-09-01,Emergency accommodation,Vic,3925.0
2024-09-01,Homeless,Vic,14560.0
2024-09-01,At risk of homelessness,Vic,16198.0
2024-08-01,Indigenous,Vic,4621.0
2024-08-01,FDV,Vic,13919.0
2024-08-01,Mental health,Vic,9065.0
2024-08-01,Drug or alcohol issues,Vic,2239.0
2024-08-01,Financial assistance for accommodation,Vic,1925.0
2024-08-01,Nights in emergency accommodation,Vic,57678.0
2024-08-01,Emergency accommodation,Vic,3912.0
2024-08-01,Homeless,Vic,14667.0
2024-08-01,At risk of homelessness,Vic,16185.0
2024-07-01,Indigenous,Vic,4553.0
2024-07-01,FDV,Vic,14211.0
2024-07-01,Mental health,Vic,9220.0
2024-07-01,Drug or alcohol issues,Vic,2278.0
2024-07-01,Financial assistance for accommodation,Vic,2005.0
2024-07-01,Nights in emergency accommodation,Vic,58039.0
2024-07-01,Emergency accommodation,Vic,4109.0
2024-07-01,Homeless,Vic,14674.0
2024-07-01,At risk of homelessness,Vic,16567.0
2024-06-01,Indigenous,Vic,4498.0
2024-06-01,FDV,Vic,14106.0
2024-06-01,Mental health,Vic,9214.0
2024-06-01,Drug or alcohol issues,Vic,2368.0
2024-06-01,Financial assistance for accommodation,Vic,2027.0
2024-06-01,Nights in emergency accommodation,Vic,58798.0
2024-06-01,Emergency accommodation,Vic,4001.0
2024-06-01,Homeless,Vic,14434.0
2024-06-01,At risk of homelessness,Vic,16348.0
2024-05-01,Indigenous,Vic,4522.0
2024-05-01,FDV,Vic,14633.0
2024-05-01,Mental health,Vic,9683.0
2024-05-01,Drug or alcohol issues,Vic,2523.0
2024-05-01,Financial assistance for accommodation,Vic,2028.0
2024-05-01,Nights in emergency accommodation,Vic,59995.0
2024-05-01,Emergency accommodation,Vic,4052.0
2024-05-01,Homeless,Vic,14841.0
2024-05-01,At risk of homelessness,Vic,17016.0
2024-04-01,Indigenous,Vic,4547.0
2024-04-01,FDV,Vic,14146.0
2024-04-01,Mental health,Vic,9430.0
2024-04-01,Drug or alcohol issues,Vic,2506.0
2024-04-01,Financial assistance for accommodation,Vic,1937.0
2024-04-01,Nights in emergency accommodation,Vic,56165.0
2024-04-01,Emergency accommodation,Vic,3975.0
2024-04-01,Homeless,Vic,14500.0
2024-04-01,At risk of homelessness,Vic,16709.0
2024-03-01,Indigenous,Vic,4537.0
2024-03-01,FDV,Vic,14039.0
2024-03-01,Mental health,Vic,9511.0
2024-03-01,Drug or alcohol issues,Vic,2571.0
2024-03-01,Financial assistance for accommodation,Vic,1802.0
2024-03-01,Nights in emergency accommodation,Vic,57946.0
2024-03-01,Emergency accommodation,Vic,3810.0
2024-03-01,Homeless,Vic,14318.0
2024-03-01,At risk of homelessness,Vic,16817.0
2024-02-01,Indigenous,Vic,4557.0
2024-02-01,FDV,Vic,14220.0
2024-02-01,Mental health,Vic,9734.0
2024-02-01,Drug or alcohol issues,Vic,2633.0
2024-02-01,Financial assistance for accommodation,Vic,1929.0
2024-02-01,Nights in emergency accommodation,Vic,54278.0
2024-02-01,Emergency accommodation,Vic,3904.0
2024-02-01,Homeless,Vic,14259.0
2024-02-01,At risk of homelessness,Vic,16844.0
2024-01-01,Indigenous,Vic,4380.0
2024-01-01,FDV,Vic,14031.0
2024-01-01,Mental health,Vic,9601.0
2024-01-01,Drug or alcohol issues,Vic,2595.0
2024-01-01,Financial assistance for accommodation,Vic,2038.0
2024-01-01,Nights in emergency accommodation,Vic,58761.0
2024-01-01,Emergency accommodation,Vic,4143.0
2024-01-01,Homeless,Vic,14162.0
2024-01-01,At risk of homelessness,Vic,16343.0
2023-12-01,Indigenous,Vic,4246.0
2023-12-01,FDV,Vic,13523.0
2023-12-01,Mental health,Vic,9207.0
2023-12-01,Drug or alcohol issues,Vic,2542.0
2023-12-01,Financial assistance for accommodation,Vic,1739.0
2023-12-01,Nights in emergency accommodation,Vic,55137.0
2023-12-01,Emergency accommodation,Vic,3592.0
2023-12-01,Homeless,Vic,13532.0
2023-12-01,At risk of homelessness,Vic,15915.0
2023-11-01,Indigenous,Vic,4428.0
2023-11-01,FDV,Vic,14189.0
2023-11-01,Mental health,Vic,9665.0
2023-11-01,Drug or alcohol issues,Vic,2679.0
2023-11-01,Financial assistance for accommodation,Vic,1713.0
2023-11-01,Nights in emergency accommodation,Vic,50799.0
2023-11-01,Emergency accommodation,Vic,3593.0
2023-11-01,Homeless,Vic,14098.0
2023-11-01,At risk of homelessness,Vic,16691.0
2023-10-01,Indigenous,Vic,4520.0
2023-10-01,FDV,Vic,14015.0
2023-10-01,Mental health,Vic,9679.0
2023-10-01,Drug or alcohol issues,Vic,2621.0
2023-10-01,Financial assistance for accommodation,Vic,1676.0
2023-10-01,Nights in emergency accommodation,Vic,51148.0
2023-10-01,Emergency accommodation,Vic,3488.0
2023-10-01,Homeless,Vic,14078.0
2023-10-01,At risk of homelessness,Vic,16508.0
2023-09-01,Indigenous,Vic,4379.0
2023-09-01,FDV,Vic,13537.0
2023-09-01,Mental health,Vic,9459.0
2023-09-01,Drug or alcohol issues,Vic,2601.0
2023-09-01,Financial assistance for accommodation,Vic,1539.0
2023-09-01,Nights in emergency accommodation,Vic,48796.0
2023-09-01,Emergency accommodation,Vic,3310.0
2023-09-01,Homeless,Vic,13778.0
2023-09-01,At risk of homelessness,Vic,15978.0
2023-08-01,Indigenous,Vic,4586.0
2023-08-01,FDV,Vic,13829.0
2023-08-01,Mental health,Vic,9938.0
2023-08-01,Drug or alcohol issues,Vic,2684.0
2023-08-01,Financial assistance for accommodation,Vic,1733.0
2023-08-01,Nights in emergency accommodation,Vic,48405.0
2023-08-01,Emergency accommodation,Vic,3454.0
2023-08-01,Homeless,Vic,14149.0
2023-08-01,At risk of homelessness,Vic,16949.0
2023-07-01,Indigenous,Vic,4322.0
2023-07-01,FDV,Vic,13365.0
2023-07-01,Mental health,Vic,9646.0
2023-07-01,Drug or alcohol issues,Vic,2736.0
2023-07-01,Financial assistance for accommodation,Vic,1684.0
2023-07-01,Nights in emergency accommodation,Vic,52038.0
2023-07-01,Emergency accommodation,Vic,3646.0
2023-07-01,Homeless,Vic,13770.0
2023-07-01,At risk of homelessness,Vic,16308.0
2023-06-01,Indigenous,Vic,4390.0
2023-06-01,FDV,Vic,13430.0
2023-06-01,Mental health,Vic,9811.0
2023-06-01,Drug or alcohol issues,Vic,2835.0
2023-06-01,Financial assistance for accommodation,Vic,1897.0
2023-06-01,Nights in emergency accommodation,Vic,54802.0
2023-06-01,Emergency accommodation,Vic,3819.0
2023-06-01,Homeless,Vic,14320.0
2023-06-01,At risk of homelessness,Vic,16629.0
2023-05-01,Indigenous,Vic,4504.0
2023-05-01,FDV,Vic,13602.0
2023-05-01,Mental health,Vic,10044.0
2023-05-01,Drug or alcohol issues,Vic,2895.0
2023-05-01,Financial assistance for accommodation,Vic,2040.0
2023-05-01,Nights in emergency accommodation,Vic,57666.0
2023-05-01,Emergency accommodation,Vic,3986.0
2023-05-01,Homeless,Vic,14510.0
2023-05-01,At risk of homelessness,Vic,17004.0
2023-04-01,Indigenous,Vic,4138.0
2023-04-01,FDV,Vic,12873.0
2023-04-01,Mental health,Vic,9462.0
2023-04-01,Drug or alcohol issues,Vic,2742.0
2023-04-01,Financial assistance for accommodation,Vic,1675.0
2023-04-01,Nights in emergency accommodation,Vic,56358.0
2023-04-01,Emergency accommodation,Vic,3690.0
2023-04-01,Homeless,Vic,13923.0
2023-04-01,At risk of homelessness,Vic,15569.0
2023-03-01,Indigenous,Vic,4401.0
2023-03-01,FDV,Vic,13287.0
2023-03-01,Mental health,Vic,10079.0
2023-03-01,Drug or alcohol issues,Vic,2944.0
2023-03-01,Financial assistance for accommodation,Vic,1988.0
2023-03-01,Nights in emergency accommodation,Vic,58307.0
2023-03-01,Emergency accommodation,Vic,4026.0
2023-03-01,Homeless,Vic,14517.0
2023-03-01,At risk of homelessness,Vic,16484.0
2023-02-01,Indigenous,Vic,4296.0
2023-02-01,FDV,Vic,13007.0
2023-02-01,Mental health,Vic,9815.0
2023-02-01,Drug or alcohol issues,Vic,2836.0
2023-02-01,Financial assistance for accommodation,Vic,1945.0
2023-02-01,Nights in emergency accommodation,Vic,52911.0
2023-02-01,Emergency accommodation,Vic,3880.0
2023-02-01,Homeless,Vic,14530.0
2023-02-01,At risk of homelessness,Vic,15983.0
2023-01-01,Indigenous,Vic,4191.0
2023-01-01,FDV,Vic,12632.0
2023-01-01,Mental health,Vic,9659.0
2023-01-01,Drug or alcohol issues,Vic,2837.0
2023-01-01,Financial assistance for accommodation,Vic,1955.0
2023-01-01,Nights in emergency accommodation,Vic,58638.0
2023-01-01,Emergency accommodation,Vic,4011.0
2023-01-01,Homeless,Vic,14172.0
2023-01-01,At risk of homelessness,Vic,15512.0
2022-12-01,Indigenous,Vic,4097.0
2022-12-01,FDV,Vic,12457.0
2022-12-01,Mental health,Vic,9469.0
2022-12-01,Drug or alcohol issues,Vic,2820.0
2022-12-01,Financial assistance for accommodation,Vic,1824.0
2022-12-01,Nights in emergency accommodation,Vic,56475.0
2022-12-01,Emergency accommodation,Vic,3803.0
2022-12-01,Homeless,Vic,14021.0
2022-12-01,At risk of homelessness,Vic,15373.0
2022-11-01,Indigenous,Vic,4192.0
2022-11-01,FDV,Vic,12923.0
2022-11-01,Mental health,Vic,9932.0
2022-11-01,Drug or alcohol issues,Vic,2876.0
2022-11-01,Financial assistance for accommodation,Vic,2011.0
2022-11-01,Nights in emergency accommodation,Vic,56902.0
2022-11-01,Emergency accommodation,Vic,4023.0
2022-11-01,Homeless,Vic,14290.0
2022-11-01,At risk of homelessness,Vic,16122.0
2022-10-01,Indigenous,Vic,4242.0
2022-10-01,FDV,Vic,13010.0
2022-10-01,Mental health,Vic,9812.0
2022-10-01,Drug or alcohol issues,Vic,2831.0
2022-10-01,Financial assistance for accommodation,Vic,1955.0
2022-10-01,Nights in emergency accommodation,Vic,59308.0
2022-10-01,Emergency accommodation,Vic,4062.0
2022-10-01,Homeless,Vic,14207.0
2022-10-01,At risk of homelessness,Vic,15878.0
2022-09-01,Indigenous,Vic,4272.0
2022-09-01,FDV,Vic,13325.0
2022-09-01,Mental health,Vic,9859.0
2022-09-01,Drug or alcohol issues,Vic,2907.0
2022-09-01,Financial assistance for accommodation,Vic,1988.0
2022-09-01,Nights in emergency accommodation,Vic,57559.0
2022-09-01,Emergency accommodation,Vic,3928.0
2022-09-01,Homeless,Vic,14079.0
2022-09-01,At risk of homelessness,Vic,15665.0
2022-08-01,Indigenous,Vic,4218.0
2022-08-01,FDV,Vic,13563.0
2022-08-01,Mental health,Vic,9946.0
2022-08-01,Drug or alcohol issues,Vic,2947.0
2022-08-01,Financial assistance for accommodation,Vic,2273.0
2022-08-01,Nights in emergency accommodation,Vic,60112.0
2022-08-01,Emergency accommodation,Vic,4225.0
2022-08-01,Homeless,Vic,14198.0
2022-08-01,At risk of homelessness,Vic,16021.0
2022-07-01,Indigenous,Vic,4075.0
2022-07-01,FDV,Vic,13239.0
2022-07-01,Mental health,Vic,9657.0
2022-07-01,Drug or alcohol issues,Vic,2871.0
2022-07-01,Financial assistance for accommodation,Vic,2177.0
2022-07-01,Nights in emergency accommodation,Vic,63586.0
2022-07-01,Emergency accommodation,Vic,4159.0
2022-07-01,Homeless,Vic,13940.0
2022-07-01,At risk of homelessness,Vic,15529.0
2022-06-01,Indigenous,Vic,4156.0
2022-06-01,FDV,Vic,13472.0
2022-06-01,Mental health,Vic,9960.0
2022-06-01,Drug or alcohol issues,Vic,2833.0
2022-06-01,Financial assistance for accommodation,Vic,2285.0
2022-06-01,Nights in emergency accommodation,Vic,65545.0
2022-06-01,Emergency accommodation,Vic,4333.0
2022-06-01,Homeless,Vic,14159.0
2022-06-01,At risk of homelessness,Vic,16023.0
2022-05-01,Indigenous,Vic,4183.0
2022-05-01,FDV,Vic,13765.0
2022-05-01,Mental health,Vic,10037.0
2022-05-01,Drug or alcohol issues,Vic,2778.0
2022-05-01,Financial assistance for accommodation,Vic,2271.0
2022-05-01,Nights in emergency accommodation,Vic,67252.0
2022-05-01,Emergency accommodation,Vic,4430.0
2022-05-01,Homeless,Vic,14227.0
2022-05-01,At risk of homelessness,Vic,16028.0
2022-04-01,Indigenous,Vic,4036.0
2022-04-01,FDV,Vic,13290.0
2022-04-01,Mental health,Vic,9601.0
2022-04-01,Drug or alcohol issues,Vic,2715.0
2022-04-01,Financial assistance for accommodation,Vic,1878.0
2022-04-01,Nights in emergency accommodation,Vic,63232.0
2022-04-01,Emergency accommodation,Vic,3957.0
2022-04-01,Homeless,Vic,13827.0
2022-04-01,At risk of homelessness,Vic,15061.0
2022-03-01,Indigenous,Vic,4185.0
2022-03-01,FDV,Vic,14040.0
2022-03-01,Mental health,Vic,10165.0
2022-03-01,Drug or alcohol issues,Vic,2846.0
2022-03-01,Financial assistance for accommodation,Vic,2323.0
2022-03-01,Nights in emergency accommodation,Vic,67267.0
2022-03-01,Emergency accommodation,Vic,4499.0
2022-03-01,Homeless,Vic,14628.0
2022-03-01,At risk of homelessness,Vic,15957.0
2022-02-01,Indigenous,Vic,4056.0
2022-02-01,FDV,Vic,13921.0
2022-02-01,Mental health,Vic,9946.0
2022-02-01,Drug or alcohol issues,Vic,2796.0
2022-02-01,Financial assistance for accommodation,Vic,2304.0
2022-02-01,Nights in emergency accommodation,Vic,65139.0
2022-02-01,Emergency accommodation,Vic,4384.0
2022-02-01,Homeless,Vic,14471.0
2022-02-01,At risk of homelessness,Vic,15330.0
2022-01-01,Indigenous,Vic,3913.0
2022-01-01,FDV,Vic,13478.0
2022-01-01,Mental health,Vic,9629.0
2022-01-01,Drug or alcohol issues,Vic,2783.0
2022-01-01,Financial assistance for accommodation,Vic,2433.0
2022-01-01,Nights in emergency accommodation,Vic,72952.0
2022-01-01,Emergency accommodation,Vic,4530.0
2022-01-01,Homeless,Vic,14409.0
2022-01-01,At risk of homelessness,Vic,14434.0
2021-12-01,Indigenous,Vic,3954.0
2021-12-01,FDV,Vic,13744.0
2021-12-01,Mental health,Vic,10013.0
2021-12-01,Drug or alcohol issues,Vic,2868.0
2021-12-01,Financial assistance for accommodation,Vic,2417.0
2021-12-01,Nights in emergency accommodation,Vic,74480.0
2021-12-01,Emergency accommodation,Vic,4540.0
2021-12-01,Homeless,Vic,14741.0
2021-12-01,At risk of homelessness,Vic,14758.0
2021-11-01,Indigenous,Vic,4075.0
2021-11-01,FDV,Vic,14295.0
2021-11-01,Mental health,Vic,10576.0
2021-11-01,Drug or alcohol issues,Vic,3000.0
2021-11-01,Financial assistance for accommodation,Vic,2941.0
2021-11-01,Nights in emergency accommodation,Vic,86764.0
2021-11-01,Emergency accommodation,Vic,5293.0
2021-11-01,Homeless,Vic,15462.0
2021-11-01,At risk of homelessness,Vic,15139.0
2021-10-01,Indigenous,Vic,4148.0
2021-10-01,FDV,Vic,14359.0
2021-10-01,Mental health,Vic,10655.0
2021-10-01,Drug or alcohol issues,Vic,3108.0
2021-10-01,Financial assistance for accommodation,Vic,3251.0
2021-10-01,Nights in emergency accommodation,Vic,105736.0
2021-10-01,Emergency accommodation,Vic,5605.0
2021-10-01,Homeless,Vic,15757.0
2021-10-01,At risk of homelessness,Vic,15243.0
2021-09-01,Indigenous,Vic,4082.0
2021-09-01,FDV,Vic,14389.0
2021-09-01,Mental health,Vic,10646.0
2021-09-01,Drug or alcohol issues,Vic,3109.0
2021-09-01,Financial assistance for accommodation,Vic,3392.0
2021-09-01,Nights in emergency accommodation,Vic,100500.0
2021-09-01,Emergency accommodation,Vic,5853.0
2021-09-01,Homeless,Vic,15581.0
2021-09-01,At risk of homelessness,Vic,15295.0
2021-08-01,Indigenous,Vic,4058.0
2021-08-01,FDV,Vic,14687.0
2021-08-01,Mental health,Vic,10793.0
2021-08-01,Drug or alcohol issues,Vic,3179.0
2021-08-01,Financial assistance for accommodation,Vic,3109.0
2021-08-01,Nights in emergency accommodation,Vic,90458.0
2021-08-01,Emergency accommodation,Vic,5516.0
2021-08-01,Homeless,Vic,15544.0
2021-08-01,At risk of homelessness,Vic,15753.0
2021-07-01,Indigenous,Vic,4039.0
2021-07-01,FDV,Vic,14840.0
2021-07-01,Mental health,Vic,10740.0
2021-07-01,Drug or alcohol issues,Vic,3149.0
2021-07-01,Financial assistance for accommodation,Vic,2987.0
2021-07-01,Nights in emergency accommodation,Vic,77391.0
2021-07-01,Emergency accommodation,Vic,5098.0
2021-07-01,Homeless,Vic,15404.0
2021-07-01,At risk of homelessness,Vic,15773.0
2021-06-01,Indigenous,Vic,4066.0
2021-06-01,FDV,Vic,14933.0
2021-06-01,Mental health,Vic,10600.0
2021-06-01,Drug or alcohol issues,Vic,3097.0
2021-06-01,Financial assistance for accommodation,Vic,3133.0
2021-06-01,Nights in emergency accommodation,Vic,80834.0
2021-06-01,Emergency accommodation,Vic,5276.0
2021-06-01,Homeless,Vic,15403.0
2021-06-01,At risk of homelessness,Vic,15617.0
2021-05-01,Indigenous,Vic,4028.0
2021-05-01,FDV,Vic,14820.0
2021-05-01,Mental health,Vic,10263.0
2021-05-01,Drug or alcohol issues,Vic,3005.0
2021-05-01,Financial assistance for accommodation,Vic,2602.0
2021-05-01,Nights in emergency accommodation,Vic,71127.0
2021-05-01,Emergency accommodation,Vic,4759.0
2021-05-01,Homeless,Vic,15082.0
2021-05-01,At risk of homelessness,Vic,15655.0
2021-04-01,Indigenous,Vic,3893.0
2021-04-01,FDV,Vic,14171.0
2021-04-01,Mental health,Vic,9842.0
2021-04-01,Drug or alcohol issues,Vic,2863.0
2021-04-01,Financial assistance for accommodation,Vic,2345.0
2021-04-01,Nights in emergency accommodation,Vic,66654.0
2021-04-01,Emergency accommodation,Vic,4333.0
2021-04-01,Homeless,Vic,14822.0
2021-04-01,At risk of homelessness,Vic,14755.0
2021-03-01,Indigenous,Vic,3912.0
2021-03-01,FDV,Vic,14526.0
2021-03-01,Mental health,Vic,9955.0
2021-03-01,Drug or alcohol issues,Vic,2819.0
2021-03-01,Financial assistance for accommodation,Vic,2605.0
2021-03-01,Nights in emergency accommodation,Vic,71484.0
2021-03-01,Emergency accommodation,Vic,4645.0
2021-03-01,Homeless,Vic,14879.0
2021-03-01,At risk of homelessness,Vic,14842.0
2021-02-01,Indigenous,Vic,3775.0
2021-02-01,FDV,Vic,14183.0
2021-02-01,Mental health,Vic,9525.0
2021-02-01,Drug or alcohol issues,Vic,2736.0
2021-02-01,Financial assistance for accommodation,Vic,2585.0
2021-02-01,Nights in emergency accommodation,Vic,67737.0
2021-02-01,Emergency accommodation,Vic,4767.0
2021-02-01,Homeless,Vic,14793.0
2021-02-01,At risk of homelessness,Vic,14356.0
2021-01-01,Indigenous,Vic,3760.0
2021-01-01,FDV,Vic,13930.0
2021-01-01,Mental health,Vic,9408.0
2021-01-01,Drug or alcohol issues,Vic,2707.0
2021-01-01,Financial assistance for accommodation,Vic,2477.0
2021-01-01,Nights in emergency accommodation,Vic,75107.0
2021-01-01,Emergency accommodation,Vic,4622.0
2021-01-01,Homeless,Vic,14786.0
2021-01-01,At risk of homelessness,Vic,13734.0
2020-12-01,Indigenous,Vic,3771.0
2020-12-01,FDV,Vic,14331.0
2020-12-01,Mental health,Vic,9697.0
2020-12-01,Drug or alcohol issues,Vic,2803.0
2020-12-01,Financial assistance for accommodation,Vic,2930.0
2020-12-01,Nights in emergency accommodation,Vic,86121.0
2020-12-01,Emergency accommodation,Vic,5264.0
2020-12-01,Homeless,Vic,15263.0
2020-12-01,At risk of homelessness,Vic,14159.0
2020-11-01,Indigenous,Vic,3849.0
2020-11-01,FDV,Vic,14558.0
2020-11-01,Mental health,Vic,10330.0
2020-11-01,Drug or alcohol issues,Vic,3004.0
2020-11-01,Financial assistance for accommodation,Vic,3452.0
2020-11-01,Nights in emergency accommodation,Vic,104427.0
2020-11-01,Emergency accommodation,Vic,6164.0
2020-11-01,Homeless,Vic,16022.0
2020-11-01,At risk of homelessness,Vic,14570.0
2020-10-01,Indigenous,Vic,3717.0
2020-10-01,FDV,Vic,14439.0
2020-10-01,Mental health,Vic,10241.0
2020-10-01,Drug or alcohol issues,Vic,3150.0
2020-10-01,Financial assistance for accommodation,Vic,3994.0
2020-10-01,Nights in emergency accommodation,Vic,115634.0
2020-10-01,Emergency accommodation,Vic,6364.0
2020-10-01,Homeless,Vic,16228.0
2020-10-01,At risk of homelessness,Vic,14320.0
2020-09-01,Indigenous,Vic,3769.0
2020-09-01,FDV,Vic,14607.0
2020-09-01,Mental health,Vic,10244.0
2020-09-01,Drug or alcohol issues,Vic,3194.0
2020-09-01,Financial assistance for accommodation,Vic,3961.0
2020-09-01,Nights in emergency accommodation,Vic,110220.0
2020-09-01,Emergency accommodation,Vic,6358.0
2020-09-01,Homeless,Vic,16309.0
2020-09-01,At risk of homelessness,Vic,14548.0
2020-08-01,Indigenous,Vic,3609.0
2020-08-01,FDV,Vic,14247.0
2020-08-01,Mental health,Vic,10091.0
2020-08-01,Drug or alcohol issues,Vic,3070.0
2020-08-01,Financial assistance for accommodation,Vic,3629.0
2020-08-01,Nights in emergency accommodation,Vic,101662.0
2020-08-01,Emergency accommodation,Vic,5849.0
2020-08-01,Homeless,Vic,15809.0
2020-08-01,At risk of homelessness,Vic,14249.0
2020-07-01,Indigenous,Vic,3590.0
2020-07-01,FDV,Vic,14394.0
2020-07-01,Mental health,Vic,10113.0
2020-07-01,Drug or alcohol issues,Vic,3082.0
2020-07-01,Financial assistance for accommodation,Vic,3261.0
2020-07-01,Nights in emergency accommodation,Vic,84413.0
2020-07-01,Emergency accommodation,Vic,5232.0
2020-07-01,Homeless,Vic,15371.0
2020-07-01,At risk of homelessness,Vic,14851.0
2020-06-01,Indigenous,Vic,3535.0
2020-06-01,FDV,Vic,14565.0
2020-06-01,Mental health,Vic,9923.0
2020-06-01,Drug or alcohol issues,Vic,3032.0
2020-06-01,Financial assistance for accommodation,Vic,3164.0
2020-06-01,Nights in emergency accommodation,Vic,80594.0
2020-06-01,Emergency accommodation,Vic,5129.0
2020-06-01,Homeless,Vic,15221.0
2020-06-01,At risk of homelessness,Vic,15181.0
2020-05-01,Indigenous,Vic,3474.0
2020-05-01,FDV,Vic,14221.0
2020-05-01,Mental health,Vic,9801.0
2020-05-01,Drug or alcohol issues,Vic,2943.0
2020-05-01,Financial assistance for accommodation,Vic,3108.0
2020-05-01,Nights in emergency accommodation,Vic,80717.0
2020-05-01,Emergency accommodation,Vic,5196.0
2020-05-01,Homeless,Vic,15200.0
2020-05-01,At risk of homelessness,Vic,15162.0
2020-04-01,Indigenous,Vic,3458.0
2020-04-01,FDV,Vic,14082.0
2020-04-01,Mental health,Vic,9506.0
2020-04-01,Drug or alcohol issues,Vic,2751.0
2020-04-01,Financial assistance for accommodation,Vic,2822.0
2020-04-01,Nights in emergency accommodation,Vic,66505.0
2020-04-01,Emergency accommodation,Vic,4680.0
2020-04-01,Homeless,Vic,14762.0
2020-04-01,At risk of homelessness,Vic,15574.0
2020-03-01,Indigenous,Vic,3523.0
2020-03-01,FDV,Vic,14677.0
2020-03-01,Mental health,Vic,9727.0
2020-03-01,Drug or alcohol issues,Vic,2563.0
2020-03-01,Financial assistance for accommodation,Vic,1813.0
2020-03-01,Nights in emergency accommodation,Vic,47889.0
2020-03-01,Emergency accommodation,Vic,3611.0
2020-03-01,Homeless,Vic,14509.0
2020-03-01,At risk of homelessness,Vic,16445.0
2020-02-01,Indigenous,Vic,3479.0
2020-02-01,FDV,Vic,14463.0
2020-02-01,Mental health,Vic,9748.0
2020-02-01,Drug or alcohol issues,Vic,2723.0
2020-02-01,Financial assistance for accommodation,Vic,1669.0
2020-02-01,Nights in emergency accommodation,Vic,44582.0
2020-02-01,Emergency accommodation,Vic,3547.0
2020-02-01,Homeless,Vic,14363.0
2020-02-01,At risk of homelessness,Vic,16361.0
2020-01-01,Indigenous,Vic,3472.0
2020-01-01,FDV,Vic,14619.0
2020-01-01,Mental health,Vic,9707.0
2020-01-01,Drug or alcohol issues,Vic,2745.0
2020-01-01,Financial assistance for accommodation,Vic,1704.0
2020-01-01,Nights in emergency accommodation,Vic,47868.0
2020-01-01,Emergency accommodation,Vic,3620.0
2020-01-01,Homeless,Vic,14481.0
2020-01-01,At risk of homelessness,Vic,16434.0
2019-12-01,Indigenous,Vic,3371.0
2019-12-01,FDV,Vic,14588.0
2019-12-01,Mental health,Vic,9470.0
2019-12-01,Drug or alcohol issues,Vic,2543.0
2019-12-01,Financial assistance for accommodation,Vic,1523.0
2019-12-01,Nights in emergency accommodation,Vic,45829.0
2019-12-01,Emergency accommodation,Vic,3337.0
2019-12-01,Homeless,Vic,14249.0
2019-12-01,At risk of homelessness,Vic,15913.0
2019-11-01,Indigenous,Vic,3402.0
2019-11-01,FDV,Vic,14593.0
2019-11-01,Mental health,Vic,9578.0
2019-11-01,Drug or alcohol issues,Vic,2610.0
2019-11-01,Financial assistance for accommodation,Vic,1416.0
2019-11-01,Nights in emergency accommodation,Vic,43022.0
2019-11-01,Emergency accommodation,Vic,3201.0
2019-11-01,Homeless,Vic,14265.0
2019-11-01,At risk of homelessness,Vic,15982.0
2019-10-01,Indigenous,Vic,3476.0
2019-10-01,FDV,Vic,14670.0
2019-10-01,Mental health,Vic,10047.0
2019-10-01,Drug or alcohol issues,Vic,2904.0
2019-10-01,Financial assistance for accommodation,Vic,1594.0
2019-10-01,Nights in emergency accommodation,Vic,44376.0
2019-10-01,Emergency accommodation,Vic,3284.0
2019-10-01,Homeless,Vic,14551.0
2019-10-01,At risk of homelessness,Vic,16597.0
2019-09-01,Indigenous,Vic,3312.0
2019-09-01,FDV,Vic,13968.0
2019-09-01,Mental health,Vic,9633.0
2019-09-01,Drug or alcohol issues,Vic,2670.0
2019-09-01,Financial assistance for accommodation,Vic,1602.0
2019-09-01,Nights in emergency accommodation,Vic,42610.0
2019-09-01,Emergency accommodation,Vic,3326.0
2019-09-01,Homeless,Vic,14089.0
2019-09-01,At risk of homelessness,Vic,15958.0
2019-08-01,Indigenous,Vic,3390.0
2019-08-01,FDV,Vic,14315.0
2019-08-01,Mental health,Vic,9988.0
2019-08-01,Drug or alcohol issues,Vic,2745.0
2019-08-01,Financial assistance for accommodation,Vic,1594.0
2019-08-01,Nights in emergency accommodation,Vic,45428.0
2019-08-01,Emergency accommodation,Vic,3363.0
2019-08-01,Homeless,Vic,14297.0
2019-08-01,At risk of homelessness,Vic,16422.0
2019-07-01,Indigenous,Vic,3280.0
2019-07-01,FDV,Vic,14454.0
2019-07-01,Mental health,Vic,9976.0
2019-07-01,Drug or alcohol issues,Vic,2752.0
2019-07-01,Financial assistance for accommodation,Vic,1478.0
2019-07-01,Nights in emergency accommodation,Vic,44837.0
2019-07-01,Emergency accommodation,Vic,3210.0
2019-07-01,Homeless,Vic,14249.0
2019-07-01,At risk of homelessness,Vic,16304.0
2019-06-01,Indigenous,Vic,3276.0
2019-06-01,FDV,Vic,13720.0
2019-06-01,Mental health,Vic,9639.0
2019-06-01,Drug or alcohol issues,Vic,2540.0
2019-06-01,Financial assistance for accommodation,Vic,1471.0
2019-06-01,Nights in emergency accommodation,Vic,45169.0
2019-06-01,Emergency accommodation,Vic,3238.0
2019-06-01,Homeless,Vic,14273.0
2019-06-01,At risk of homelessness,Vic,15991.0
2019-05-01,Indigenous,Vic,3265.0
2019-05-01,FDV,Vic,14395.0
2019-05-01,Mental health,Vic,10118.0
2019-05-01,Drug or alcohol issues,Vic,2712.0
2019-05-01,Financial assistance for accommodation,Vic,1537.0
2019-05-01,Nights in emergency accommodation,Vic,45848.0
2019-05-01,Emergency accommodation,Vic,3377.0
2019-05-01,Homeless,Vic,14822.0
2019-05-01,At risk of homelessness,Vic,16732.0
2019-04-01,Indigenous,Vic,3229.0
2019-04-01,FDV,Vic,13863.0
2019-04-01,Mental health,Vic,9370.0
2019-04-01,Drug or alcohol issues,Vic,2479.0
2019-04-01,Financial assistance for accommodation,Vic,1445.0
2019-04-01,Nights in emergency accommodation,Vic,44469.0
2019-04-01,Emergency accommodation,Vic,3263.0
2019-04-01,Homeless,Vic,14234.0
2019-04-01,At risk of homelessness,Vic,15819.0
2019-03-01,Indigenous,Vic,3322.0
2019-03-01,FDV,Vic,14093.0
2019-03-01,Mental health,Vic,9637.0
2019-03-01,Drug or alcohol issues,Vic,2574.0
2019-03-01,Financial assistance for accommodation,Vic,1575.0
2019-03-01,Nights in emergency accommodation,Vic,47776.0
2019-03-01,Emergency accommodation,Vic,3423.0
2019-03-01,Homeless,Vic,14638.0
2019-03-01,At risk of homelessness,Vic,16175.0
2019-02-01,Indigenous,Vic,3253.0
2019-02-01,FDV,Vic,13988.0
2019-02-01,Mental health,Vic,9425.0
2019-02-01,Drug or alcohol issues,Vic,2488.0
2019-02-01,Financial assistance for accommodation,Vic,1550.0
2019-02-01,Nights in emergency accommodation,Vic,42561.0
2019-02-01,Emergency accommodation,Vic,3398.0
2019-02-01,Homeless,Vic,14399.0
2019-02-01,At risk of homelessness,Vic,15904.0
2019-01-01,Indigenous,Vic,3206.0
2019-01-01,FDV,Vic,13819.0
2019-01-01,Mental health,Vic,9319.0
2019-01-01,Drug or alcohol issues,Vic,2446.0
2019-01-01,Financial assistance for accommodation,Vic,1617.0
2019-01-01,Nights in emergency accommodation,Vic,47112.0
2019-01-01,Emergency accommodation,Vic,3513.0
2019-01-01,Homeless,Vic,14398.0
2019-01-01,At risk of homelessness,Vic,15226.0
2018-12-01,Indigenous,Vic,3050.0
2018-12-01,FDV,Vic,13293.0
2018-12-01,Mental health,Vic,9016.0
2018-12-01,Drug or alcohol issues,Vic,2332.0
2018-12-01,Financial assistance for accommodation,Vic,1411.0
2018-12-01,Nights in emergency accommodation,Vic,45370.0
2018-12-01,Emergency accommodation,Vic,3270.0
2018-12-01,Homeless,Vic,13946.0
2018-12-01,At risk of homelessness,Vic,14987.0
2018-11-01,Indigenous,Vic,3110.0
2018-11-01,FDV,Vic,13618.0
2018-11-01,Mental health,Vic,9502.0
2018-11-01,Drug or alcohol issues,Vic,2531.0
2018-11-01,Financial assistance for accommodation,Vic,1513.0
2018-11-01,Nights in emergency accommodation,Vic,45324.0
2018-11-01,Emergency accommodation,Vic,3363.0
2018-11-01,Homeless,Vic,14197.0
2018-11-01,At risk of homelessness,Vic,15810.0
2018-10-01,Indigenous,Vic,3045.0
2018-10-01,FDV,Vic,13096.0
2018-10-01,Mental health,Vic,9577.0
2018-10-01,Drug or alcohol issues,Vic,2595.0
2018-10-01,Financial assistance for accommodation,Vic,1698.0
2018-10-01,Nights in emergency accommodation,Vic,47033.0
2018-10-01,Emergency accommodation,Vic,3634.0
2018-10-01,Homeless,Vic,14245.0
2018-10-01,At risk of homelessness,Vic,15712.0
2018-09-01,Indigenous,Vic,2959.0
2018-09-01,FDV,Vic,12419.0
2018-09-01,Mental health,Vic,8928.0
2018-09-01,Drug or alcohol issues,Vic,2445.0
2018-09-01,Financial assistance for accommodation,Vic,1503.0
2018-09-01,Nights in emergency accommodation,Vic,45090.0
2018-09-01,Emergency accommodation,Vic,3377.0
2018-09-01,Homeless,Vic,13540.0
2018-09-01,At risk of homelessness,Vic,14858.0
2018-08-01,Indigenous,Vic,3127.0
2018-08-01,FDV,Vic,13013.0
2018-08-01,Mental health,Vic,9313.0
2018-08-01,Drug or alcohol issues,Vic,2568.0
2018-08-01,Financial assistance for accommodation,Vic,1722.0
2018-08-01,Nights in emergency accommodation,Vic,46019.0
2018-08-01,Emergency accommodation,Vic,3485.0
2018-08-01,Homeless,Vic,14134.0
2018-08-01,At risk of homelessness,Vic,15590.0
2018-07-01,Indigenous,Vic,3122.0
2018-07-01,FDV,Vic,13865.0
2018-07-01,Mental health,Vic,9092.0
2018-07-01,Drug or alcohol issues,Vic,2530.0
2018-07-01,Financial assistance for accommodation,Vic,1760.0
2018-07-01,Nights in emergency accommodation,Vic,47391.0
2018-07-01,Emergency accommodation,Vic,3564.0
2018-07-01,Homeless,Vic,13850.0
2018-07-01,At risk of homelessness,Vic,15181.0
2018-06-01,Indigenous,Vic,3111.0
2018-06-01,FDV,Vic,13830.0
2018-06-01,Mental health,Vic,9072.0
2018-06-01,Drug or alcohol issues,Vic,2371.0
2018-06-01,Financial assistance for accommodation,Vic,1597.0
2018-06-01,Nights in emergency accommodation,Vic,44160.0
2018-06-01,Emergency accommodation,Vic,3313.0
2018-06-01,Homeless,Vic,13680.0
2018-06-01,At risk of homelessness,Vic,15134.0
2018-05-01,Indigenous,Vic,3288.0
2018-05-01,FDV,Vic,14700.0
2018-05-01,Mental health,Vic,9383.0
2018-05-01,Drug or alcohol issues,Vic,2479.0
2018-05-01,Financial assistance for accommodation,Vic,1694.0
2018-05-01,Nights in emergency accommodation,Vic,44857.0
2018-05-01,Emergency accommodation,Vic,3510.0
2018-05-01,Homeless,Vic,14133.0
2018-05-01,At risk of homelessness,Vic,15814.0
2018-04-01,Indigenous,Vic,3000.0
2018-04-01,FDV,Vic,13786.0
2018-04-01,Mental health,Vic,8862.0
2018-04-01,Drug or alcohol issues,Vic,2395.0
2018-04-01,Financial assistance for accommodation,Vic,1394.0
2018-04-01,Nights in emergency accommodation,Vic,42978.0
2018-04-01,Emergency accommodation,Vic,3180.0
2018-04-01,Homeless,Vic,13747.0
2018-04-01,At risk of homelessness,Vic,15003.0
2018-03-01,Indigenous,Vic,2969.0
2018-03-01,FDV,Vic,13928.0
2018-03-01,Mental health,Vic,8819.0
2018-03-01,Drug or alcohol issues,Vic,2313.0
2018-03-01,Financial assistance for accommodation,Vic,1494.0
2018-03-01,Nights in emergency accommodation,Vic,44574.0
2018-03-01,Emergency accommodation,Vic,3260.0
2018-03-01,Homeless,Vic,13731.0
2018-03-01,At risk of homelessness,Vic,14962.0
2018-02-01,Indigenous,Vic,2960.0
2018-02-01,FDV,Vic,13462.0
2018-02-01,Mental health,Vic,8708.0
2018-02-01,Drug or alcohol issues,Vic,2375.0
2018-02-01,Financial assistance for accommodation,Vic,1484.0
2018-02-01,Nights in emergency accommodation,Vic,39836.0
2018-02-01,Emergency accommodation,Vic,3154.0
2018-02-01,Homeless,Vic,13411.0
2018-02-01,At risk of homelessness,Vic,14616.0
2018-01-01,Indigenous,Vic,2902.0
2018-01-01,FDV,Vic,13524.0
2018-01-01,Mental health,Vic,8515.0
2018-01-01,Drug or alcohol issues,Vic,2305.0
2018-01-01,Financial assistance for accommodation,Vic,1621.0
2018-01-01,Nights in emergency accommodation,Vic,41898.0
2018-01-01,Emergency accommodation,Vic,3070.0
2018-01-01,Homeless,Vic,13349.0
2018-01-01,At risk of homelessness,Vic,14267.0
2017-12-01,Indigenous,Vic,2839.0
2017-12-01,FDV,Vic,12941.0
2017-12-01,Mental health,Vic,8067.0
2017-12-01,Drug or alcohol issues,Vic,2177.0
2017-12-01,Financial assistance for accommodation,Vic,1417.0
2017-12-01,Nights in emergency accommodation,Vic,41497.0
2017-12-01,Emergency accommodation,Vic,2660.0
2017-12-01,Homeless,Vic,12788.0
2017-12-01,At risk of homelessness,Vic,13687.0
2017-11-01,Indigenous,Vic,2900.0
2017-11-01,FDV,Vic,13226.0
2017-11-01,Mental health,Vic,8531.0
2017-11-01,Drug or alcohol issues,Vic,2293.0
2017-11-01,Financial assistance for accommodation,Vic,1507.0
2017-11-01,Nights in emergency accommodation,Vic,40689.0
2017-11-01,Emergency accommodation,Vic,2811.0
2017-11-01,Homeless,Vic,13237.0
2017-11-01,At risk of homelessness,Vic,14339.0
2017-10-01,Indigenous,Vic,2970.0
2017-10-01,FDV,Vic,13184.0
2017-10-01,Mental health,Vic,8413.0
2017-10-01,Drug or alcohol issues,Vic,2234.0
2017-10-01,Financial assistance for accommodation,Vic,1487.0
2017-10-01,Nights in emergency accommodation,Vic,41153.0
2017-10-01,Emergency accommodation,Vic,2837.0
2017-10-01,Homeless,Vic,13130.0
2017-10-01,At risk of homelessness,Vic,14392.0
2017-09-01,Indigenous,Vic,2852.0
2017-09-01,FDV,Vic,12820.0
2017-09-01,Mental health,Vic,8013.0
2017-09-01,Drug or alcohol issues,Vic,2133.0
2017-09-01,Financial assistance for accommodation,Vic,1403.0
2017-09-01,Nights in emergency accommodation,Vic,40438.0
2017-09-01,Emergency accommodation,Vic,2743.0
2017-09-01,Homeless,Vic,12829.0
2017-09-01,At risk of homelessness,Vic,13682.0
2017-08-01,Indigenous,Vic,2944.0
2017-08-01,FDV,Vic,13151.0
2017-08-01,Mental health,Vic,8293.0
2017-08-01,Drug or alcohol issues,Vic,2272.0
2017-08-01,Financial assistance for accommodation,Vic,1497.0
2017-08-01,Nights in emergency accommodation,Vic,43330.0
2017-08-01,Emergency accommodation,Vic,2858.0
2017-08-01,Homeless,Vic,13302.0
2017-08-01,At risk of homelessness,Vic,14008.0
2017-07-01,Indigenous,Vic,2882.0
2017-07-01,FDV,Vic,12656.0
2017-07-01,Mental health,Vic,8028.0
2017-07-01,Drug or alcohol issues,Vic,2232.0
2017-07-01,Financial assistance for accommodation,Vic,1392.0
2017-07-01,Nights in emergency accommodation,Vic,41555.0
2017-07-01,Emergency accommodation,Vic,2736.0
2017-07-01,Homeless,Vic,12861.0
2017-07-01,At risk of homelessness,Vic,13652.0
2026-03-01,Indigenous,Qld,7131.0
2026-03-01,FDV,Qld,5805.0
2026-03-01,Mental health,Qld,4616.0
2026-03-01,Drug or alcohol issues,Qld,1125.0
2026-03-01,Financial assistance for accommodation,Qld,1260.0
2026-03-01,Nights in emergency accommodation,Qld,149731.0
2026-03-01,Emergency accommodation,Qld,6175.0
2026-03-01,Homeless,Qld,11849.0
2026-03-01,At risk of homelessness,Qld,7863.0
2026-02-01,Indigenous,Qld,6842.0
2026-02-01,FDV,Qld,5745.0
2026-02-01,Mental health,Qld,4401.0
2026-02-01,Drug or alcohol issues,Qld,1075.0
2026-02-01,Financial assistance for accommodation,Qld,1174.0
2026-02-01,Nights in emergency accommodation,Qld,135377.0
2026-02-01,Emergency accommodation,Qld,6069.0
2026-02-01,Homeless,Qld,11465.0
2026-02-01,At risk of homelessness,Qld,7641.0
2026-01-01,Indigenous,Qld,6718.0
2026-01-01,FDV,Qld,5746.0
2026-01-01,Mental health,Qld,4375.0
2026-01-01,Drug or alcohol issues,Qld,1083.0
2026-01-01,Financial assistance for accommodation,Qld,1183.0
2026-01-01,Nights in emergency accommodation,Qld,150714.0
2026-01-01,Emergency accommodation,Qld,6100.0
2026-01-01,Homeless,Qld,11350.0
2026-01-01,At risk of homelessness,Qld,7431.0
2025-12-01,Indigenous,Qld,6589.0
2025-12-01,FDV,Qld,5600.0
2025-12-01,Mental health,Qld,4250.0
2025-12-01,Drug or alcohol issues,Qld,1063.0
2025-12-01,Financial assistance for accommodation,Qld,1095.0
2025-12-01,Nights in emergency accommodation,Qld,153766.0
2025-12-01,Emergency accommodation,Qld,6147.0
2025-12-01,Homeless,Qld,11096.0
2025-12-01,At risk of homelessness,Qld,7327.0
2025-11-01,Indigenous,Qld,6990.0
2025-11-01,FDV,Qld,5713.0
2025-11-01,Mental health,Qld,4510.0
2025-11-01,Drug or alcohol issues,Qld,1096.0
2025-11-01,Financial assistance for accommodation,Qld,1125.0
2025-11-01,Nights in emergency accommodation,Qld,152479.0
2025-11-01,Emergency accommodation,Qld,6254.0
2025-11-01,Homeless,Qld,11671.0
2025-11-01,At risk of homelessness,Qld,7472.0
2025-10-01,Indigenous,Qld,7254.0
2025-10-01,FDV,Qld,5756.0
2025-10-01,Mental health,Qld,4576.0
2025-10-01,Drug or alcohol issues,Qld,1180.0
2025-10-01,Financial assistance for accommodation,Qld,1080.0
2025-10-01,Nights in emergency accommodation,Qld,158637.0
2025-10-01,Emergency accommodation,Qld,6411.0
2025-10-01,Homeless,Qld,11906.0
2025-10-01,At risk of homelessness,Qld,7665.0
2025-09-01,Indigenous,Qld,7062.0
2025-09-01,FDV,Qld,5613.0
2025-09-01,Mental health,Qld,4595.0
2025-09-01,Drug or alcohol issues,Qld,1154.0
2025-09-01,Financial assistance for accommodation,Qld,1130.0
2025-09-01,Nights in emergency accommodation,Qld,156634.0
2025-09-01,Emergency accommodation,Qld,6419.0
2025-09-01,Homeless,Qld,11880.0
2025-09-01,At risk of homelessness,Qld,7452.0
2025-08-01,Indigenous,Qld,6916.0
2025-08-01,FDV,Qld,5553.0
2025-08-01,Mental health,Qld,4538.0
2025-08-01,Drug or alcohol issues,Qld,1160.0
2025-08-01,Financial assistance for accommodation,Qld,1220.0
2025-08-01,Nights in emergency accommodation,Qld,162798.0
2025-08-01,Emergency accommodation,Qld,6411.0
2025-08-01,Homeless,Qld,11972.0
2025-08-01,At risk of homelessness,Qld,7226.0
2025-07-01,Indigenous,Qld,6773.0
2025-07-01,FDV,Qld,5592.0
2025-07-01,Mental health,Qld,4653.0
2025-07-01,Drug or alcohol issues,Qld,1202.0
2025-07-01,Financial assistance for accommodation,Qld,1515.0
2025-07-01,Nights in emergency accommodation,Qld,157849.0
2025-07-01,Emergency accommodation,Qld,6400.0
2025-07-01,Homeless,Qld,12522.0
2025-07-01,At risk of homelessness,Qld,7015.0
2025-06-01,Indigenous,Qld,6767.0
2025-06-01,FDV,Qld,5660.0
2025-06-01,Mental health,Qld,4566.0
2025-06-01,Drug or alcohol issues,Qld,1123.0
2025-06-01,Financial assistance for accommodation,Qld,1637.0
2025-06-01,Nights in emergency accommodation,Qld,158860.0
2025-06-01,Emergency accommodation,Qld,6520.0
2025-06-01,Homeless,Qld,12389.0
2025-06-01,At risk of homelessness,Qld,7051.0
2025-05-01,Indigenous,Qld,6901.0
2025-05-01,FDV,Qld,5767.0
2025-05-01,Mental health,Qld,4583.0
2025-05-01,Drug or alcohol issues,Qld,1145.0
2025-05-01,Financial assistance for accommodation,Qld,1658.0
2025-05-01,Nights in emergency accommodation,Qld,163705.0
2025-05-01,Emergency accommodation,Qld,6704.0
2025-05-01,Homeless,Qld,12533.0
2025-05-01,At risk of homelessness,Qld,7146.0
2025-04-01,Indigenous,Qld,6888.0
2025-04-01,FDV,Qld,5560.0
2025-04-01,Mental health,Qld,4605.0
2025-04-01,Drug or alcohol issues,Qld,1109.0
2025-04-01,Financial assistance for accommodation,Qld,1668.0
2025-04-01,Nights in emergency accommodation,Qld,160397.0
2025-04-01,Emergency accommodation,Qld,6774.0
2025-04-01,Homeless,Qld,12479.0
2025-04-01,At risk of homelessness,Qld,7143.0
2025-03-01,Indigenous,Qld,7053.0
2025-03-01,FDV,Qld,5662.0
2025-03-01,Mental health,Qld,4672.0
2025-03-01,Drug or alcohol issues,Qld,1142.0
2025-03-01,Financial assistance for accommodation,Qld,1768.0
2025-03-01,Nights in emergency accommodation,Qld,160205.0
2025-03-01,Emergency accommodation,Qld,6790.0
2025-03-01,Homeless,Qld,12544.0
2025-03-01,At risk of homelessness,Qld,7352.0
2025-02-01,Indigenous,Qld,6988.0
2025-02-01,FDV,Qld,5596.0
2025-02-01,Mental health,Qld,4721.0
2025-02-01,Drug or alcohol issues,Qld,1120.0
2025-02-01,Financial assistance for accommodation,Qld,1768.0
2025-02-01,Nights in emergency accommodation,Qld,149721.0
2025-02-01,Emergency accommodation,Qld,6890.0
2025-02-01,Homeless,Qld,12723.0
2025-02-01,At risk of homelessness,Qld,7076.0
2025-01-01,Indigenous,Qld,6948.0
2025-01-01,FDV,Qld,5615.0
2025-01-01,Mental health,Qld,4567.0
2025-01-01,Drug or alcohol issues,Qld,1094.0
2025-01-01,Financial assistance for accommodation,Qld,1678.0
2025-01-01,Nights in emergency accommodation,Qld,158621.0
2025-01-01,Emergency accommodation,Qld,6705.0
2025-01-01,Homeless,Qld,12572.0
2025-01-01,At risk of homelessness,Qld,7022.0
2024-12-01,Indigenous,Qld,6538.0
2024-12-01,FDV,Qld,5326.0
2024-12-01,Mental health,Qld,4350.0
2024-12-01,Drug or alcohol issues,Qld,1052.0
2024-12-01,Financial assistance for accommodation,Qld,1473.0
2024-12-01,Nights in emergency accommodation,Qld,152907.0
2024-12-01,Emergency accommodation,Qld,6348.0
2024-12-01,Homeless,Qld,11925.0
2024-12-01,At risk of homelessness,Qld,6843.0
2024-11-01,Indigenous,Qld,6814.0
2024-11-01,FDV,Qld,5396.0
2024-11-01,Mental health,Qld,4533.0
2024-11-01,Drug or alcohol issues,Qld,1121.0
2024-11-01,Financial assistance for accommodation,Qld,1450.0
2024-11-01,Nights in emergency accommodation,Qld,140510.0
2024-11-01,Emergency accommodation,Qld,6093.0
2024-11-01,Homeless,Qld,12194.0
2024-11-01,At risk of homelessness,Qld,7137.0
2024-10-01,Indigenous,Qld,6813.0
2024-10-01,FDV,Qld,5425.0
2024-10-01,Mental health,Qld,4470.0
2024-10-01,Drug or alcohol issues,Qld,1092.0
2024-10-01,Financial assistance for accommodation,Qld,1416.0
2024-10-01,Nights in emergency accommodation,Qld,153823.0
2024-10-01,Emergency accommodation,Qld,6433.0
2024-10-01,Homeless,Qld,12082.0
2024-10-01,At risk of homelessness,Qld,7155.0
2024-09-01,Indigenous,Qld,6577.0
2024-09-01,FDV,Qld,5281.0
2024-09-01,Mental health,Qld,4443.0
2024-09-01,Drug or alcohol issues,Qld,1054.0
2024-09-01,Financial assistance for accommodation,Qld,1378.0
2024-09-01,Nights in emergency accommodation,Qld,140418.0
2024-09-01,Emergency accommodation,Qld,5947.0
2024-09-01,Homeless,Qld,11621.0
2024-09-01,At risk of homelessness,Qld,7014.0
2024-08-01,Indigenous,Qld,6359.0
2024-08-01,FDV,Qld,5234.0
2024-08-01,Mental health,Qld,4386.0
2024-08-01,Drug or alcohol issues,Qld,1021.0
2024-08-01,Financial assistance for accommodation,Qld,1328.0
2024-08-01,Nights in emergency accommodation,Qld,135037.0
2024-08-01,Emergency accommodation,Qld,5586.0
2024-08-01,Homeless,Qld,11452.0
2024-08-01,At risk of homelessness,Qld,6988.0
2024-07-01,Indigenous,Qld,6227.0
2024-07-01,FDV,Qld,5119.0
2024-07-01,Mental health,Qld,4364.0
2024-07-01,Drug or alcohol issues,Qld,1047.0
2024-07-01,Financial assistance for accommodation,Qld,1243.0
2024-07-01,Nights in emergency accommodation,Qld,130396.0
2024-07-01,Emergency accommodation,Qld,5521.0
2024-07-01,Homeless,Qld,11209.0
2024-07-01,At risk of homelessness,Qld,6913.0
2024-06-01,Indigenous,Qld,6096.0
2024-06-01,FDV,Qld,4890.0
2024-06-01,Mental health,Qld,4190.0
2024-06-01,Drug or alcohol issues,Qld,1005.0
2024-06-01,Financial assistance for accommodation,Qld,1087.0
2024-06-01,Nights in emergency accommodation,Qld,114221.0
2024-06-01,Emergency accommodation,Qld,4704.0
2024-06-01,Homeless,Qld,10551.0
2024-06-01,At risk of homelessness,Qld,6959.0
2024-05-01,Indigenous,Qld,6167.0
2024-05-01,FDV,Qld,5038.0
2024-05-01,Mental health,Qld,4258.0
2024-05-01,Drug or alcohol issues,Qld,1005.0
2024-05-01,Financial assistance for accommodation,Qld,1055.0
2024-05-01,Nights in emergency accommodation,Qld,114548.0
2024-05-01,Emergency accommodation,Qld,4679.0
2024-05-01,Homeless,Qld,10334.0
2024-05-01,At risk of homelessness,Qld,7152.0
2024-04-01,Indigenous,Qld,5752.0
2024-04-01,FDV,Qld,4846.0
2024-04-01,Mental health,Qld,4002.0
2024-04-01,Drug or alcohol issues,Qld,954.0
2024-04-01,Financial assistance for accommodation,Qld,869.0
2024-04-01,Nights in emergency accommodation,Qld,108856.0
2024-04-01,Emergency accommodation,Qld,4502.0
2024-04-01,Homeless,Qld,9692.0
2024-04-01,At risk of homelessness,Qld,6859.0
2024-03-01,Indigenous,Qld,5757.0
2024-03-01,FDV,Qld,4662.0
2024-03-01,Mental health,Qld,4003.0
2024-03-01,Drug or alcohol issues,Qld,927.0
2024-03-01,Financial assistance for accommodation,Qld,769.0
2024-03-01,Nights in emergency accommodation,Qld,111422.0
2024-03-01,Emergency accommodation,Qld,4435.0
2024-03-01,Homeless,Qld,9523.0
2024-03-01,At risk of homelessness,Qld,6873.0
2024-02-01,Indigenous,Qld,5760.0
2024-02-01,FDV,Qld,4634.0
2024-02-01,Mental health,Qld,4022.0
2024-02-01,Drug or alcohol issues,Qld,968.0
2024-02-01,Financial assistance for accommodation,Qld,775.0
2024-02-01,Nights in emergency accommodation,Qld,102796.0
2024-02-01,Emergency accommodation,Qld,4398.0
2024-02-01,Homeless,Qld,9485.0
2024-02-01,At risk of homelessness,Qld,6878.0
2024-01-01,Indigenous,Qld,5529.0
2024-01-01,FDV,Qld,4468.0
2024-01-01,Mental health,Qld,3878.0
2024-01-01,Drug or alcohol issues,Qld,895.0
2024-01-01,Financial assistance for accommodation,Qld,737.0
2024-01-01,Nights in emergency accommodation,Qld,106753.0
2024-01-01,Emergency accommodation,Qld,4261.0
2024-01-01,Homeless,Qld,9047.0
2024-01-01,At risk of homelessness,Qld,6671.0
2023-12-01,Indigenous,Qld,5257.0
2023-12-01,FDV,Qld,4167.0
2023-12-01,Mental health,Qld,3722.0
2023-12-01,Drug or alcohol issues,Qld,854.0
2023-12-01,Financial assistance for accommodation,Qld,635.0
2023-12-01,Nights in emergency accommodation,Qld,104076.0
2023-12-01,Emergency accommodation,Qld,4214.0
2023-12-01,Homeless,Qld,8541.0
2023-12-01,At risk of homelessness,Qld,6442.0
2023-11-01,Indigenous,Qld,5503.0
2023-11-01,FDV,Qld,4380.0
2023-11-01,Mental health,Qld,3926.0
2023-11-01,Drug or alcohol issues,Qld,955.0
2023-11-01,Financial assistance for accommodation,Qld,640.0
2023-11-01,Nights in emergency accommodation,Qld,100271.0
2023-11-01,Emergency accommodation,Qld,4206.0
2023-11-01,Homeless,Qld,9000.0
2023-11-01,At risk of homelessness,Qld,6741.0
2023-10-01,Indigenous,Qld,5493.0
2023-10-01,FDV,Qld,4436.0
2023-10-01,Mental health,Qld,3950.0
2023-10-01,Drug or alcohol issues,Qld,982.0
2023-10-01,Financial assistance for accommodation,Qld,609.0
2023-10-01,Nights in emergency accommodation,Qld,102167.0
2023-10-01,Emergency accommodation,Qld,4166.0
2023-10-01,Homeless,Qld,9024.0
2023-10-01,At risk of homelessness,Qld,6818.0
2023-09-01,Indigenous,Qld,5310.0
2023-09-01,FDV,Qld,4291.0
2023-09-01,Mental health,Qld,3909.0
2023-09-01,Drug or alcohol issues,Qld,984.0
2023-09-01,Financial assistance for accommodation,Qld,587.0
2023-09-01,Nights in emergency accommodation,Qld,97273.0
2023-09-01,Emergency accommodation,Qld,4120.0
2023-09-01,Homeless,Qld,8882.0
2023-09-01,At risk of homelessness,Qld,6695.0
2023-08-01,Indigenous,Qld,5572.0
2023-08-01,FDV,Qld,4384.0
2023-08-01,Mental health,Qld,3967.0
2023-08-01,Drug or alcohol issues,Qld,953.0
2023-08-01,Financial assistance for accommodation,Qld,612.0
2023-08-01,Nights in emergency accommodation,Qld,101019.0
2023-08-01,Emergency accommodation,Qld,4169.0
2023-08-01,Homeless,Qld,9157.0
2023-08-01,At risk of homelessness,Qld,6757.0
2023-07-01,Indigenous,Qld,5284.0
2023-07-01,FDV,Qld,4302.0
2023-07-01,Mental health,Qld,3803.0
2023-07-01,Drug or alcohol issues,Qld,914.0
2023-07-01,Financial assistance for accommodation,Qld,556.0
2023-07-01,Nights in emergency accommodation,Qld,102027.0
2023-07-01,Emergency accommodation,Qld,4200.0
2023-07-01,Homeless,Qld,8571.0
2023-07-01,At risk of homelessness,Qld,6594.0
2023-06-01,Indigenous,Qld,5352.0
2023-06-01,FDV,Qld,4362.0
2023-06-01,Mental health,Qld,3805.0
2023-06-01,Drug or alcohol issues,Qld,862.0
2023-06-01,Financial assistance for accommodation,Qld,617.0
2023-06-01,Nights in emergency accommodation,Qld,97884.0
2023-06-01,Emergency accommodation,Qld,4159.0
2023-06-01,Homeless,Qld,8496.0
2023-06-01,At risk of homelessness,Qld,6865.0
2023-05-01,Indigenous,Qld,5567.0
2023-05-01,FDV,Qld,4377.0
2023-05-01,Mental health,Qld,3832.0
2023-05-01,Drug or alcohol issues,Qld,908.0
2023-05-01,Financial assistance for accommodation,Qld,675.0
2023-05-01,Nights in emergency accommodation,Qld,100165.0
2023-05-01,Emergency accommodation,Qld,4188.0
2023-05-01,Homeless,Qld,8856.0
2023-05-01,At risk of homelessness,Qld,6870.0
2023-04-01,Indigenous,Qld,5322.0
2023-04-01,FDV,Qld,4150.0
2023-04-01,Mental health,Qld,3556.0
2023-04-01,Drug or alcohol issues,Qld,857.0
2023-04-01,Financial assistance for accommodation,Qld,733.0
2023-04-01,Nights in emergency accommodation,Qld,99202.0
2023-04-01,Emergency accommodation,Qld,4176.0
2023-04-01,Homeless,Qld,8632.0
2023-04-01,At risk of homelessness,Qld,6387.0
2023-03-01,Indigenous,Qld,5749.0
2023-03-01,FDV,Qld,4514.0
2023-03-01,Mental health,Qld,3848.0
2023-03-01,Drug or alcohol issues,Qld,950.0
2023-03-01,Financial assistance for accommodation,Qld,793.0
2023-03-01,Nights in emergency accommodation,Qld,105477.0
2023-03-01,Emergency accommodation,Qld,4441.0
2023-03-01,Homeless,Qld,9056.0
2023-03-01,At risk of homelessness,Qld,6804.0
2023-02-01,Indigenous,Qld,5688.0
2023-02-01,FDV,Qld,4284.0
2023-02-01,Mental health,Qld,3609.0
2023-02-01,Drug or alcohol issues,Qld,869.0
2023-02-01,Financial assistance for accommodation,Qld,776.0
2023-02-01,Nights in emergency accommodation,Qld,94839.0
2023-02-01,Emergency accommodation,Qld,4363.0
2023-02-01,Homeless,Qld,8929.0
2023-02-01,At risk of homelessness,Qld,6458.0
2023-01-01,Indigenous,Qld,5413.0
2023-01-01,FDV,Qld,4270.0
2023-01-01,Mental health,Qld,3719.0
2023-01-01,Drug or alcohol issues,Qld,876.0
2023-01-01,Financial assistance for accommodation,Qld,616.0
2023-01-01,Nights in emergency accommodation,Qld,102546.0
2023-01-01,Emergency accommodation,Qld,4445.0
2023-01-01,Homeless,Qld,8662.0
2023-01-01,At risk of homelessness,Qld,6339.0
2022-12-01,Indigenous,Qld,5000.0
2022-12-01,FDV,Qld,4032.0
2022-12-01,Mental health,Qld,3503.0
2022-12-01,Drug or alcohol issues,Qld,830.0
2022-12-01,Financial assistance for accommodation,Qld,506.0
2022-12-01,Nights in emergency accommodation,Qld,100366.0
2022-12-01,Emergency accommodation,Qld,4275.0
2022-12-01,Homeless,Qld,8165.0
2022-12-01,At risk of homelessness,Qld,5824.0
2022-11-01,Indigenous,Qld,5252.0
2022-11-01,FDV,Qld,4109.0
2022-11-01,Mental health,Qld,3577.0
2022-11-01,Drug or alcohol issues,Qld,882.0
2022-11-01,Financial assistance for accommodation,Qld,519.0
2022-11-01,Nights in emergency accommodation,Qld,95230.0
2022-11-01,Emergency accommodation,Qld,4166.0
2022-11-01,Homeless,Qld,8436.0
2022-11-01,At risk of homelessness,Qld,6075.0
2022-10-01,Indigenous,Qld,5130.0
2022-10-01,FDV,Qld,3964.0
2022-10-01,Mental health,Qld,3446.0
2022-10-01,Drug or alcohol issues,Qld,839.0
2022-10-01,Financial assistance for accommodation,Qld,520.0
2022-10-01,Nights in emergency accommodation,Qld,93207.0
2022-10-01,Emergency accommodation,Qld,3979.0
2022-10-01,Homeless,Qld,8326.0
2022-10-01,At risk of homelessness,Qld,5959.0
2022-09-01,Indigenous,Qld,5033.0
2022-09-01,FDV,Qld,3873.0
2022-09-01,Mental health,Qld,3476.0
2022-09-01,Drug or alcohol issues,Qld,851.0
2022-09-01,Financial assistance for accommodation,Qld,475.0
2022-09-01,Nights in emergency accommodation,Qld,88006.0
2022-09-01,Emergency accommodation,Qld,3909.0
2022-09-01,Homeless,Qld,8084.0
2022-09-01,At risk of homelessness,Qld,5934.0
2022-08-01,Indigenous,Qld,5021.0
2022-08-01,FDV,Qld,3752.0
2022-08-01,Mental health,Qld,3512.0
2022-08-01,Drug or alcohol issues,Qld,844.0
2022-08-01,Financial assistance for accommodation,Qld,438.0
2022-08-01,Nights in emergency accommodation,Qld,88389.0
2022-08-01,Emergency accommodation,Qld,3797.0
2022-08-01,Homeless,Qld,7921.0
2022-08-01,At risk of homelessness,Qld,5950.0
2022-07-01,Indigenous,Qld,4664.0
2022-07-01,FDV,Qld,3698.0
2022-07-01,Mental health,Qld,3435.0
2022-07-01,Drug or alcohol issues,Qld,820.0
2022-07-01,Financial assistance for accommodation,Qld,295.0
2022-07-01,Nights in emergency accommodation,Qld,87527.0
2022-07-01,Emergency accommodation,Qld,3589.0
2022-07-01,Homeless,Qld,7496.0
2022-07-01,At risk of homelessness,Qld,5715.0
2022-06-01,Indigenous,Qld,4874.0
2022-06-01,FDV,Qld,3824.0
2022-06-01,Mental health,Qld,3465.0
2022-06-01,Drug or alcohol issues,Qld,836.0
2022-06-01,Financial assistance for accommodation,Qld,265.0
2022-06-01,Nights in emergency accommodation,Qld,86009.0
2022-06-01,Emergency accommodation,Qld,3592.0
2022-06-01,Homeless,Qld,7685.0
2022-06-01,At risk of homelessness,Qld,5869.0
2022-05-01,Indigenous,Qld,4826.0
2022-05-01,FDV,Qld,3746.0
2022-05-01,Mental health,Qld,3364.0
2022-05-01,Drug or alcohol issues,Qld,852.0
2022-05-01,Financial assistance for accommodation,Qld,274.0
2022-05-01,Nights in emergency accommodation,Qld,88289.0
2022-05-01,Emergency accommodation,Qld,3660.0
2022-05-01,Homeless,Qld,7452.0
2022-05-01,At risk of homelessness,Qld,5880.0
2022-04-01,Indigenous,Qld,4815.0
2022-04-01,FDV,Qld,3596.0
2022-04-01,Mental health,Qld,3331.0
2022-04-01,Drug or alcohol issues,Qld,838.0
2022-04-01,Financial assistance for accommodation,Qld,223.0
2022-04-01,Nights in emergency accommodation,Qld,85235.0
2022-04-01,Emergency accommodation,Qld,3578.0
2022-04-01,Homeless,Qld,7226.0
2022-04-01,At risk of homelessness,Qld,5823.0
2022-03-01,Indigenous,Qld,5155.0
2022-03-01,FDV,Qld,3805.0
2022-03-01,Mental health,Qld,3482.0
2022-03-01,Drug or alcohol issues,Qld,875.0
2022-03-01,Financial assistance for accommodation,Qld,326.0
2022-03-01,Nights in emergency accommodation,Qld,87693.0
2022-03-01,Emergency accommodation,Qld,3677.0
2022-03-01,Homeless,Qld,7615.0
2022-03-01,At risk of homelessness,Qld,6188.0
2022-02-01,Indigenous,Qld,4948.0
2022-02-01,FDV,Qld,3680.0
2022-02-01,Mental health,Qld,3313.0
2022-02-01,Drug or alcohol issues,Qld,817.0
2022-02-01,Financial assistance for accommodation,Qld,268.0
2022-02-01,Nights in emergency accommodation,Qld,77418.0
2022-02-01,Emergency accommodation,Qld,3491.0
2022-02-01,Homeless,Qld,7135.0
2022-02-01,At risk of homelessness,Qld,6078.0
2022-01-01,Indigenous,Qld,4826.0
2022-01-01,FDV,Qld,3671.0
2022-01-01,Mental health,Qld,3219.0
2022-01-01,Drug or alcohol issues,Qld,808.0
2022-01-01,Financial assistance for accommodation,Qld,287.0
2022-01-01,Nights in emergency accommodation,Qld,86691.0
2022-01-01,Emergency accommodation,Qld,3573.0
2022-01-01,Homeless,Qld,6899.0
2022-01-01,At risk of homelessness,Qld,6042.0
2021-12-01,Indigenous,Qld,4978.0
2021-12-01,FDV,Qld,3667.0
2021-12-01,Mental health,Qld,3244.0
2021-12-01,Drug or alcohol issues,Qld,804.0
2021-12-01,Financial assistance for accommodation,Qld,310.0
2021-12-01,Nights in emergency accommodation,Qld,87393.0
2021-12-01,Emergency accommodation,Qld,3705.0
2021-12-01,Homeless,Qld,7073.0
2021-12-01,At risk of homelessness,Qld,5917.0
2021-11-01,Indigenous,Qld,5242.0
2021-11-01,FDV,Qld,4018.0
2021-11-01,Mental health,Qld,3533.0
2021-11-01,Drug or alcohol issues,Qld,861.0
2021-11-01,Financial assistance for accommodation,Qld,388.0
2021-11-01,Nights in emergency accommodation,Qld,84934.0
2021-11-01,Emergency accommodation,Qld,3871.0
2021-11-01,Homeless,Qld,7288.0
2021-11-01,At risk of homelessness,Qld,6401.0
2021-10-01,Indigenous,Qld,5057.0
2021-10-01,FDV,Qld,3832.0
2021-10-01,Mental health,Qld,3396.0
2021-10-01,Drug or alcohol issues,Qld,812.0
2021-10-01,Financial assistance for accommodation,Qld,360.0
2021-10-01,Nights in emergency accommodation,Qld,86862.0
2021-10-01,Emergency accommodation,Qld,3742.0
2021-10-01,Homeless,Qld,7187.0
2021-10-01,At risk of homelessness,Qld,6208.0
2021-09-01,Indigenous,Qld,4974.0
2021-09-01,FDV,Qld,3752.0
2021-09-01,Mental health,Qld,3458.0
2021-09-01,Drug or alcohol issues,Qld,887.0
2021-09-01,Financial assistance for accommodation,Qld,342.0
2021-09-01,Nights in emergency accommodation,Qld,82575.0
2021-09-01,Emergency accommodation,Qld,3704.0
2021-09-01,Homeless,Qld,7111.0
2021-09-01,At risk of homelessness,Qld,6223.0
2021-08-01,Indigenous,Qld,5027.0
2021-08-01,FDV,Qld,3896.0
2021-08-01,Mental health,Qld,3423.0
2021-08-01,Drug or alcohol issues,Qld,901.0
2021-08-01,Financial assistance for accommodation,Qld,335.0
2021-08-01,Nights in emergency accommodation,Qld,85440.0
2021-08-01,Emergency accommodation,Qld,3549.0
2021-08-01,Homeless,Qld,7254.0
2021-08-01,At risk of homelessness,Qld,6155.0
2021-07-01,Indigenous,Qld,4996.0
2021-07-01,FDV,Qld,3922.0
2021-07-01,Mental health,Qld,3395.0
2021-07-01,Drug or alcohol issues,Qld,905.0
2021-07-01,Financial assistance for accommodation,Qld,308.0
2021-07-01,Nights in emergency accommodation,Qld,83713.0
2021-07-01,Emergency accommodation,Qld,3632.0
2021-07-01,Homeless,Qld,7153.0
2021-07-01,At risk of homelessness,Qld,6187.0
2021-06-01,Indigenous,Qld,5209.0
2021-06-01,FDV,Qld,4018.0
2021-06-01,Mental health,Qld,3405.0
2021-06-01,Drug or alcohol issues,Qld,875.0
2021-06-01,Financial assistance for accommodation,Qld,346.0
2021-06-01,Nights in emergency accommodation,Qld,80565.0
2021-06-01,Emergency accommodation,Qld,3644.0
2021-06-01,Homeless,Qld,7246.0
2021-06-01,At risk of homelessness,Qld,6386.0
2021-05-01,Indigenous,Qld,5027.0
2021-05-01,FDV,Qld,3942.0
2021-05-01,Mental health,Qld,3364.0
2021-05-01,Drug or alcohol issues,Qld,845.0
2021-05-01,Financial assistance for accommodation,Qld,331.0
2021-05-01,Nights in emergency accommodation,Qld,82541.0
2021-05-01,Emergency accommodation,Qld,3626.0
2021-05-01,Homeless,Qld,6989.0
2021-05-01,At risk of homelessness,Qld,6303.0
2021-04-01,Indigenous,Qld,4913.0
2021-04-01,FDV,Qld,3693.0
2021-04-01,Mental health,Qld,3294.0
2021-04-01,Drug or alcohol issues,Qld,863.0
2021-04-01,Financial assistance for accommodation,Qld,284.0
2021-04-01,Nights in emergency accommodation,Qld,80163.0
2021-04-01,Emergency accommodation,Qld,3473.0
2021-04-01,Homeless,Qld,6986.0
2021-04-01,At risk of homelessness,Qld,5956.0
2021-03-01,Indigenous,Qld,4948.0
2021-03-01,FDV,Qld,4002.0
2021-03-01,Mental health,Qld,3409.0
2021-03-01,Drug or alcohol issues,Qld,911.0
2021-03-01,Financial assistance for accommodation,Qld,354.0
2021-03-01,Nights in emergency accommodation,Qld,82488.0
2021-03-01,Emergency accommodation,Qld,3618.0
2021-03-01,Homeless,Qld,7004.0
2021-03-01,At risk of homelessness,Qld,6205.0
2021-02-01,Indigenous,Qld,4823.0
2021-02-01,FDV,Qld,3839.0
2021-02-01,Mental health,Qld,3310.0
2021-02-01,Drug or alcohol issues,Qld,917.0
2021-02-01,Financial assistance for accommodation,Qld,255.0
2021-02-01,Nights in emergency accommodation,Qld,73128.0
2021-02-01,Emergency accommodation,Qld,3446.0
2021-02-01,Homeless,Qld,6757.0
2021-02-01,At risk of homelessness,Qld,5885.0
2021-01-01,Indigenous,Qld,4622.0
2021-01-01,FDV,Qld,3738.0
2021-01-01,Mental health,Qld,3154.0
2021-01-01,Drug or alcohol issues,Qld,897.0
2021-01-01,Financial assistance for accommodation,Qld,273.0
2021-01-01,Nights in emergency accommodation,Qld,80701.0
2021-01-01,Emergency accommodation,Qld,3481.0
2021-01-01,Homeless,Qld,6577.0
2021-01-01,At risk of homelessness,Qld,5599.0
2020-12-01,Indigenous,Qld,4507.0
2020-12-01,FDV,Qld,3678.0
2020-12-01,Mental health,Qld,3125.0
2020-12-01,Drug or alcohol issues,Qld,896.0
2020-12-01,Financial assistance for accommodation,Qld,244.0
2020-12-01,Nights in emergency accommodation,Qld,82040.0
2020-12-01,Emergency accommodation,Qld,3579.0
2020-12-01,Homeless,Qld,6454.0
2020-12-01,At risk of homelessness,Qld,5492.0
2020-11-01,Indigenous,Qld,4774.0
2020-11-01,FDV,Qld,3735.0
2020-11-01,Mental health,Qld,3230.0
2020-11-01,Drug or alcohol issues,Qld,957.0
2020-11-01,Financial assistance for accommodation,Qld,193.0
2020-11-01,Nights in emergency accommodation,Qld,80093.0
2020-11-01,Emergency accommodation,Qld,3541.0
2020-11-01,Homeless,Qld,6872.0
2020-11-01,At risk of homelessness,Qld,5628.0
2020-10-01,Indigenous,Qld,4767.0
2020-10-01,FDV,Qld,3817.0
2020-10-01,Mental health,Qld,3352.0
2020-10-01,Drug or alcohol issues,Qld,1024.0
2020-10-01,Financial assistance for accommodation,Qld,252.0
2020-10-01,Nights in emergency accommodation,Qld,82913.0
2020-10-01,Emergency accommodation,Qld,3672.0
2020-10-01,Homeless,Qld,7051.0
2020-10-01,At risk of homelessness,Qld,5542.0
2020-09-01,Indigenous,Qld,4706.0
2020-09-01,FDV,Qld,3798.0
2020-09-01,Mental health,Qld,3456.0
2020-09-01,Drug or alcohol issues,Qld,1080.0
2020-09-01,Financial assistance for accommodation,Qld,348.0
2020-09-01,Nights in emergency accommodation,Qld,79663.0
2020-09-01,Emergency accommodation,Qld,3665.0
2020-09-01,Homeless,Qld,7209.0
2020-09-01,At risk of homelessness,Qld,5516.0
2020-08-01,Indigenous,Qld,4446.0
2020-08-01,FDV,Qld,3667.0
2020-08-01,Mental health,Qld,3349.0
2020-08-01,Drug or alcohol issues,Qld,1008.0
2020-08-01,Financial assistance for accommodation,Qld,421.0
2020-08-01,Nights in emergency accommodation,Qld,83063.0
2020-08-01,Emergency accommodation,Qld,3763.0
2020-08-01,Homeless,Qld,7049.0
2020-08-01,At risk of homelessness,Qld,5165.0
2020-07-01,Indigenous,Qld,4384.0
2020-07-01,FDV,Qld,3666.0
2020-07-01,Mental health,Qld,3385.0
2020-07-01,Drug or alcohol issues,Qld,1013.0
2020-07-01,Financial assistance for accommodation,Qld,394.0
2020-07-01,Nights in emergency accommodation,Qld,82994.0
2020-07-01,Emergency accommodation,Qld,3648.0
2020-07-01,Homeless,Qld,7099.0
2020-07-01,At risk of homelessness,Qld,5045.0
2020-06-01,Indigenous,Qld,4438.0
2020-06-01,FDV,Qld,3581.0
2020-06-01,Mental health,Qld,3392.0
2020-06-01,Drug or alcohol issues,Qld,1051.0
2020-06-01,Financial assistance for accommodation,Qld,440.0
2020-06-01,Nights in emergency accommodation,Qld,78235.0
2020-06-01,Emergency accommodation,Qld,3610.0
2020-06-01,Homeless,Qld,7149.0
2020-06-01,At risk of homelessness,Qld,5172.0
2020-05-01,Indigenous,Qld,4235.0
2020-05-01,FDV,Qld,3535.0
2020-05-01,Mental health,Qld,3265.0
2020-05-01,Drug or alcohol issues,Qld,962.0
2020-05-01,Financial assistance for accommodation,Qld,450.0
2020-05-01,Nights in emergency accommodation,Qld,78576.0
2020-05-01,Emergency accommodation,Qld,3580.0
2020-05-01,Homeless,Qld,6827.0
2020-05-01,At risk of homelessness,Qld,5139.0
2020-04-01,Indigenous,Qld,4135.0
2020-04-01,FDV,Qld,3496.0
2020-04-01,Mental health,Qld,3087.0
2020-04-01,Drug or alcohol issues,Qld,858.0
2020-04-01,Financial assistance for accommodation,Qld,436.0
2020-04-01,Nights in emergency accommodation,Qld,76319.0
2020-04-01,Emergency accommodation,Qld,3545.0
2020-04-01,Homeless,Qld,6653.0
2020-04-01,At risk of homelessness,Qld,5289.0
2020-03-01,Indigenous,Qld,4350.0
2020-03-01,FDV,Qld,3785.0
2020-03-01,Mental health,Qld,3104.0
2020-03-01,Drug or alcohol issues,Qld,854.0
2020-03-01,Financial assistance for accommodation,Qld,205.0
2020-03-01,Nights in emergency accommodation,Qld,81216.0
2020-03-01,Emergency accommodation,Qld,3696.0
2020-03-01,Homeless,Qld,6504.0
2020-03-01,At risk of homelessness,Qld,5922.0
2020-02-01,Indigenous,Qld,4456.0
2020-02-01,FDV,Qld,4017.0
2020-02-01,Mental health,Qld,3105.0
2020-02-01,Drug or alcohol issues,Qld,903.0
2020-02-01,Financial assistance for accommodation,Qld,230.0
2020-02-01,Nights in emergency accommodation,Qld,76580.0
2020-02-01,Emergency accommodation,Qld,3722.0
2020-02-01,Homeless,Qld,6857.0
2020-02-01,At risk of homelessness,Qld,6038.0
2020-01-01,Indigenous,Qld,4296.0
2020-01-01,FDV,Qld,3940.0
2020-01-01,Mental health,Qld,3132.0
2020-01-01,Drug or alcohol issues,Qld,918.0
2020-01-01,Financial assistance for accommodation,Qld,227.0
2020-01-01,Nights in emergency accommodation,Qld,81097.0
2020-01-01,Emergency accommodation,Qld,3760.0
2020-01-01,Homeless,Qld,6497.0
2020-01-01,At risk of homelessness,Qld,5851.0
2019-12-01,Indigenous,Qld,3843.0
2019-12-01,FDV,Qld,3508.0
2019-12-01,Mental health,Qld,2990.0
2019-12-01,Drug or alcohol issues,Qld,850.0
2019-12-01,Financial assistance for accommodation,Qld,170.0
2019-12-01,Nights in emergency accommodation,Qld,79728.0
2019-12-01,Emergency accommodation,Qld,3680.0
2019-12-01,Homeless,Qld,6025.0
2019-12-01,At risk of homelessness,Qld,5402.0
2019-11-01,Indigenous,Qld,4041.0
2019-11-01,FDV,Qld,3592.0
2019-11-01,Mental health,Qld,3166.0
2019-11-01,Drug or alcohol issues,Qld,893.0
2019-11-01,Financial assistance for accommodation,Qld,178.0
2019-11-01,Nights in emergency accommodation,Qld,78210.0
2019-11-01,Emergency accommodation,Qld,3681.0
2019-11-01,Homeless,Qld,6411.0
2019-11-01,At risk of homelessness,Qld,5520.0
2019-10-01,Indigenous,Qld,4136.0
2019-10-01,FDV,Qld,3522.0
2019-10-01,Mental health,Qld,3139.0
2019-10-01,Drug or alcohol issues,Qld,911.0
2019-10-01,Financial assistance for accommodation,Qld,173.0
2019-10-01,Nights in emergency accommodation,Qld,78594.0
2019-10-01,Emergency accommodation,Qld,3626.0
2019-10-01,Homeless,Qld,6513.0
2019-10-01,At risk of homelessness,Qld,5406.0
2019-09-01,Indigenous,Qld,4129.0
2019-09-01,FDV,Qld,3404.0
2019-09-01,Mental health,Qld,3022.0
2019-09-01,Drug or alcohol issues,Qld,877.0
2019-09-01,Financial assistance for accommodation,Qld,156.0
2019-09-01,Nights in emergency accommodation,Qld,76056.0
2019-09-01,Emergency accommodation,Qld,3615.0
2019-09-01,Homeless,Qld,6465.0
2019-09-01,At risk of homelessness,Qld,5213.0
2019-08-01,Indigenous,Qld,4063.0
2019-08-01,FDV,Qld,3343.0
2019-08-01,Mental health,Qld,3013.0
2019-08-01,Drug or alcohol issues,Qld,862.0
2019-08-01,Financial assistance for accommodation,Qld,158.0
2019-08-01,Nights in emergency accommodation,Qld,78066.0
2019-08-01,Emergency accommodation,Qld,3553.0
2019-08-01,Homeless,Qld,6525.0
2019-08-01,At risk of homelessness,Qld,5145.0
2019-07-01,Indigenous,Qld,3924.0
2019-07-01,FDV,Qld,3428.0
2019-07-01,Mental health,Qld,3064.0
2019-07-01,Drug or alcohol issues,Qld,840.0
2019-07-01,Financial assistance for accommodation,Qld,148.0
2019-07-01,Nights in emergency accommodation,Qld,78484.0
2019-07-01,Emergency accommodation,Qld,3600.0
2019-07-01,Homeless,Qld,6478.0
2019-07-01,At risk of homelessness,Qld,5326.0
2019-06-01,Indigenous,Qld,4026.0
2019-06-01,FDV,Qld,3317.0
2019-06-01,Mental health,Qld,3019.0
2019-06-01,Drug or alcohol issues,Qld,840.0
2019-06-01,Financial assistance for accommodation,Qld,158.0
2019-06-01,Nights in emergency accommodation,Qld,77446.0
2019-06-01,Emergency accommodation,Qld,3720.0
2019-06-01,Homeless,Qld,6557.0
2019-06-01,At risk of homelessness,Qld,5375.0
2019-05-01,Indigenous,Qld,4142.0
2019-05-01,FDV,Qld,3444.0
2019-05-01,Mental health,Qld,3069.0
2019-05-01,Drug or alcohol issues,Qld,843.0
2019-05-01,Financial assistance for accommodation,Qld,193.0
2019-05-01,Nights in emergency accommodation,Qld,80695.0
2019-05-01,Emergency accommodation,Qld,3789.0
2019-05-01,Homeless,Qld,6709.0
2019-05-01,At risk of homelessness,Qld,5696.0
2019-04-01,Indigenous,Qld,4028.0
2019-04-01,FDV,Qld,3362.0
2019-04-01,Mental health,Qld,2997.0
2019-04-01,Drug or alcohol issues,Qld,858.0
2019-04-01,Financial assistance for accommodation,Qld,178.0
2019-04-01,Nights in emergency accommodation,Qld,77677.0
2019-04-01,Emergency accommodation,Qld,3684.0
2019-04-01,Homeless,Qld,6620.0
2019-04-01,At risk of homelessness,Qld,5582.0
2019-03-01,Indigenous,Qld,4301.0
2019-03-01,FDV,Qld,3581.0
2019-03-01,Mental health,Qld,3038.0
2019-03-01,Drug or alcohol issues,Qld,891.0
2019-03-01,Financial assistance for accommodation,Qld,186.0
2019-03-01,Nights in emergency accommodation,Qld,79913.0
2019-03-01,Emergency accommodation,Qld,3769.0
2019-03-01,Homeless,Qld,6637.0
2019-03-01,At risk of homelessness,Qld,5845.0
2019-02-01,Indigenous,Qld,4170.0
2019-02-01,FDV,Qld,3549.0
2019-02-01,Mental health,Qld,3036.0
2019-02-01,Drug or alcohol issues,Qld,891.0
2019-02-01,Financial assistance for accommodation,Qld,157.0
2019-02-01,Nights in emergency accommodation,Qld,72652.0
2019-02-01,Emergency accommodation,Qld,3672.0
2019-02-01,Homeless,Qld,6572.0
2019-02-01,At risk of homelessness,Qld,5590.0
2019-01-01,Indigenous,Qld,4272.0
2019-01-01,FDV,Qld,3630.0
2019-01-01,Mental health,Qld,3087.0
2019-01-01,Drug or alcohol issues,Qld,952.0
2019-01-01,Financial assistance for accommodation,Qld,261.0
2019-01-01,Nights in emergency accommodation,Qld,80658.0
2019-01-01,Emergency accommodation,Qld,3784.0
2019-01-01,Homeless,Qld,6601.0
2019-01-01,At risk of homelessness,Qld,5810.0
2018-12-01,Indigenous,Qld,3977.0
2018-12-01,FDV,Qld,3325.0
2018-12-01,Mental health,Qld,2766.0
2018-12-01,Drug or alcohol issues,Qld,889.0
2018-12-01,Financial assistance for accommodation,Qld,167.0
2018-12-01,Nights in emergency accommodation,Qld,80214.0
2018-12-01,Emergency accommodation,Qld,3793.0
2018-12-01,Homeless,Qld,6023.0
2018-12-01,At risk of homelessness,Qld,5281.0
2018-11-01,Indigenous,Qld,4269.0
2018-11-01,FDV,Qld,3437.0
2018-11-01,Mental health,Qld,3025.0
2018-11-01,Drug or alcohol issues,Qld,948.0
2018-11-01,Financial assistance for accommodation,Qld,221.0
2018-11-01,Nights in emergency accommodation,Qld,78335.0
2018-11-01,Emergency accommodation,Qld,3932.0
2018-11-01,Homeless,Qld,6455.0
2018-11-01,At risk of homelessness,Qld,5579.0
2018-10-01,Indigenous,Qld,4269.0
2018-10-01,FDV,Qld,3358.0
2018-10-01,Mental health,Qld,3066.0
2018-10-01,Drug or alcohol issues,Qld,940.0
2018-10-01,Financial assistance for accommodation,Qld,185.0
2018-10-01,Nights in emergency accommodation,Qld,81511.0
2018-10-01,Emergency accommodation,Qld,3974.0
2018-10-01,Homeless,Qld,6494.0
2018-10-01,At risk of homelessness,Qld,5693.0
2018-09-01,Indigenous,Qld,3994.0
2018-09-01,FDV,Qld,3016.0
2018-09-01,Mental health,Qld,2968.0
2018-09-01,Drug or alcohol issues,Qld,922.0
2018-09-01,Financial assistance for accommodation,Qld,175.0
2018-09-01,Nights in emergency accommodation,Qld,77963.0
2018-09-01,Emergency accommodation,Qld,3795.0
2018-09-01,Homeless,Qld,6419.0
2018-09-01,At risk of homelessness,Qld,5262.0
2018-08-01,Indigenous,Qld,4030.0
2018-08-01,FDV,Qld,3128.0
2018-08-01,Mental health,Qld,3115.0
2018-08-01,Drug or alcohol issues,Qld,973.0
2018-08-01,Financial assistance for accommodation,Qld,186.0
2018-08-01,Nights in emergency accommodation,Qld,79322.0
2018-08-01,Emergency accommodation,Qld,3767.0
2018-08-01,Homeless,Qld,6444.0
2018-08-01,At risk of homelessness,Qld,5346.0
2018-07-01,Indigenous,Qld,3817.0
2018-07-01,FDV,Qld,3062.0
2018-07-01,Mental health,Qld,2982.0
2018-07-01,Drug or alcohol issues,Qld,944.0
2018-07-01,Financial assistance for accommodation,Qld,175.0
2018-07-01,Nights in emergency accommodation,Qld,80059.0
2018-07-01,Emergency accommodation,Qld,3798.0
2018-07-01,Homeless,Qld,6257.0
2018-07-01,At risk of homelessness,Qld,5182.0
2018-06-01,Indigenous,Qld,3822.0
2018-06-01,FDV,Qld,3116.0
2018-06-01,Mental health,Qld,2923.0
2018-06-01,Drug or alcohol issues,Qld,950.0
2018-06-01,Financial assistance for accommodation,Qld,204.0
2018-06-01,Nights in emergency accommodation,Qld,80404.0
2018-06-01,Emergency accommodation,Qld,3804.0
2018-06-01,Homeless,Qld,6375.0
2018-06-01,At risk of homelessness,Qld,5253.0
2018-05-01,Indigenous,Qld,3907.0
2018-05-01,FDV,Qld,3309.0
2018-05-01,Mental health,Qld,3005.0
2018-05-01,Drug or alcohol issues,Qld,966.0
2018-05-01,Financial assistance for accommodation,Qld,206.0
2018-05-01,Nights in emergency accommodation,Qld,80815.0
2018-05-01,Emergency accommodation,Qld,3882.0
2018-05-01,Homeless,Qld,6375.0
2018-05-01,At risk of homelessness,Qld,5492.0
2018-04-01,Indigenous,Qld,3824.0
2018-04-01,FDV,Qld,3245.0
2018-04-01,Mental health,Qld,2880.0
2018-04-01,Drug or alcohol issues,Qld,956.0
2018-04-01,Financial assistance for accommodation,Qld,162.0
2018-04-01,Nights in emergency accommodation,Qld,79195.0
2018-04-01,Emergency accommodation,Qld,3893.0
2018-04-01,Homeless,Qld,6217.0
2018-04-01,At risk of homelessness,Qld,5369.0
2018-03-01,Indigenous,Qld,3959.0
2018-03-01,FDV,Qld,3212.0
2018-03-01,Mental health,Qld,2890.0
2018-03-01,Drug or alcohol issues,Qld,962.0
2018-03-01,Financial assistance for accommodation,Qld,159.0
2018-03-01,Nights in emergency accommodation,Qld,80540.0
2018-03-01,Emergency accommodation,Qld,3819.0
2018-03-01,Homeless,Qld,6153.0
2018-03-01,At risk of homelessness,Qld,5426.0
2018-02-01,Indigenous,Qld,3917.0
2018-02-01,FDV,Qld,3181.0
2018-02-01,Mental health,Qld,2739.0
2018-02-01,Drug or alcohol issues,Qld,899.0
2018-02-01,Financial assistance for accommodation,Qld,158.0
2018-02-01,Nights in emergency accommodation,Qld,71682.0
2018-02-01,Emergency accommodation,Qld,3767.0
2018-02-01,Homeless,Qld,5978.0
2018-02-01,At risk of homelessness,Qld,5281.0
2018-01-01,Indigenous,Qld,3732.0
2018-01-01,FDV,Qld,3247.0
2018-01-01,Mental health,Qld,2787.0
2018-01-01,Drug or alcohol issues,Qld,916.0
2018-01-01,Financial assistance for accommodation,Qld,129.0
2018-01-01,Nights in emergency accommodation,Qld,79187.0
2018-01-01,Emergency accommodation,Qld,3916.0
2018-01-01,Homeless,Qld,5922.0
2018-01-01,At risk of homelessness,Qld,5139.0
2017-12-01,Indigenous,Qld,3408.0
2017-12-01,FDV,Qld,2943.0
2017-12-01,Mental health,Qld,2437.0
2017-12-01,Drug or alcohol issues,Qld,826.0
2017-12-01,Financial assistance for accommodation,Qld,111.0
2017-12-01,Nights in emergency accommodation,Qld,77493.0
2017-12-01,Emergency accommodation,Qld,3729.0
2017-12-01,Homeless,Qld,5422.0
2017-12-01,At risk of homelessness,Qld,4652.0
2017-11-01,Indigenous,Qld,3643.0
2017-11-01,FDV,Qld,3162.0
2017-11-01,Mental health,Qld,2622.0
2017-11-01,Drug or alcohol issues,Qld,910.0
2017-11-01,Financial assistance for accommodation,Qld,151.0
2017-11-01,Nights in emergency accommodation,Qld,76579.0
2017-11-01,Emergency accommodation,Qld,3856.0
2017-11-01,Homeless,Qld,5642.0
2017-11-01,At risk of homelessness,Qld,5092.0
2017-10-01,Indigenous,Qld,3620.0
2017-10-01,FDV,Qld,3071.0
2017-10-01,Mental health,Qld,2603.0
2017-10-01,Drug or alcohol issues,Qld,906.0
2017-10-01,Financial assistance for accommodation,Qld,160.0
2017-10-01,Nights in emergency accommodation,Qld,77724.0
2017-10-01,Emergency accommodation,Qld,3817.0
2017-10-01,Homeless,Qld,5621.0
2017-10-01,At risk of homelessness,Qld,4959.0
2017-09-01,Indigenous,Qld,3649.0
2017-09-01,FDV,Qld,3038.0
2017-09-01,Mental health,Qld,2603.0
2017-09-01,Drug or alcohol issues,Qld,916.0
2017-09-01,Financial assistance for accommodation,Qld,133.0
2017-09-01,Nights in emergency accommodation,Qld,74579.0
2017-09-01,Emergency accommodation,Qld,3695.0
2017-09-01,Homeless,Qld,5610.0
2017-09-01,At risk of homelessness,Qld,5048.0
2017-08-01,Indigenous,Qld,3680.0
2017-08-01,FDV,Qld,3106.0
2017-08-01,Mental health,Qld,2613.0
2017-08-01,Drug or alcohol issues,Qld,980.0
2017-08-01,Financial assistance for accommodation,Qld,143.0
2017-08-01,Nights in emergency accommodation,Qld,76939.0
2017-08-01,Emergency accommodation,Qld,3823.0
2017-08-01,Homeless,Qld,5511.0
2017-08-01,At risk of homelessness,Qld,5268.0
2017-07-01,Indigenous,Qld,3578.0
2017-07-01,FDV,Qld,2949.0
2017-07-01,Mental health,Qld,2546.0
2017-07-01,Drug or alcohol issues,Qld,963.0
2017-07-01,Financial assistance for accommodation,Qld,123.0
2017-07-01,Nights in emergency accommodation,Qld,77372.0
2017-07-01,Emergency accommodation,Qld,3705.0
2017-07-01,Homeless,Qld,5352.0
2017-07-01,At risk of homelessness,Qld,5030.0
2026-03-01,Indigenous,WA,3229.0
2026-03-01,FDV,WA,3823.0
2026-03-01,Mental health,WA,2131.0
2026-03-01,Drug or alcohol issues,WA,918.0
2026-03-01,Financial assistance for accommodation,WA,99.0
2026-03-01,Nights in emergency accommodation,WA,25335.0
2026-03-01,Emergency accommodation,WA,1726.0
2026-03-01,Homeless,WA,4004.0
2026-03-01,At risk of homelessness,WA,3560.0
2026-02-01,Indigenous,WA,3278.0
2026-02-01,FDV,WA,3856.0
2026-02-01,Mental health,WA,2007.0
2026-02-01,Drug or alcohol issues,WA,889.0
2026-02-01,Financial assistance for accommodation,WA,111.0
2026-02-01,Nights in emergency accommodation,WA,23334.0
2026-02-01,Emergency accommodation,WA,1679.0
2026-02-01,Homeless,WA,3971.0
2026-02-01,At risk of homelessness,WA,3512.0
2026-01-01,Indigenous,WA,3234.0
2026-01-01,FDV,WA,3827.0
2026-01-01,Mental health,WA,1974.0
2026-01-01,Drug or alcohol issues,WA,905.0
2026-01-01,Financial assistance for accommodation,WA,115.0
2026-01-01,Nights in emergency accommodation,WA,25224.0
2026-01-01,Emergency accommodation,WA,1793.0
2026-01-01,Homeless,WA,3909.0
2026-01-01,At risk of homelessness,WA,3542.0
2025-12-01,Indigenous,WA,3171.0
2025-12-01,FDV,WA,3714.0
2025-12-01,Mental health,WA,1979.0
2025-12-01,Drug or alcohol issues,WA,916.0
2025-12-01,Financial assistance for accommodation,WA,80.0
2025-12-01,Nights in emergency accommodation,WA,24134.0
2025-12-01,Emergency accommodation,WA,1711.0
2025-12-01,Homeless,WA,3810.0
2025-12-01,At risk of homelessness,WA,3465.0
2025-11-01,Indigenous,WA,3189.0
2025-11-01,FDV,WA,3844.0
2025-11-01,Mental health,WA,2073.0
2025-11-01,Drug or alcohol issues,WA,903.0
2025-11-01,Financial assistance for accommodation,WA,69.0
2025-11-01,Nights in emergency accommodation,WA,23973.0
2025-11-01,Emergency accommodation,WA,1731.0
2025-11-01,Homeless,WA,3772.0
2025-11-01,At risk of homelessness,WA,3659.0
2025-10-01,Indigenous,WA,3380.0
2025-10-01,FDV,WA,3960.0
2025-10-01,Mental health,WA,2095.0
2025-10-01,Drug or alcohol issues,WA,929.0
2025-10-01,Financial assistance for accommodation,WA,94.0
2025-10-01,Nights in emergency accommodation,WA,24410.0
2025-10-01,Emergency accommodation,WA,1916.0
2025-10-01,Homeless,WA,3906.0
2025-10-01,At risk of homelessness,WA,3824.0
2025-09-01,Indigenous,WA,3230.0
2025-09-01,FDV,WA,3839.0
2025-09-01,Mental health,WA,2072.0
2025-09-01,Drug or alcohol issues,WA,877.0
2025-09-01,Financial assistance for accommodation,WA,93.0
2025-09-01,Nights in emergency accommodation,WA,24024.0
2025-09-01,Emergency accommodation,WA,1739.0
2025-09-01,Homeless,WA,3796.0
2025-09-01,At risk of homelessness,WA,3740.0
2025-08-01,Indigenous,WA,3170.0
2025-08-01,FDV,WA,3767.0
2025-08-01,Mental health,WA,2068.0
2025-08-01,Drug or alcohol issues,WA,827.0
2025-08-01,Financial assistance for accommodation,WA,112.0
2025-08-01,Nights in emergency accommodation,WA,24399.0
2025-08-01,Emergency accommodation,WA,1722.0
2025-08-01,Homeless,WA,3771.0
2025-08-01,At risk of homelessness,WA,3690.0
2025-07-01,Indigenous,WA,3299.0
2025-07-01,FDV,WA,3914.0
2025-07-01,Mental health,WA,2061.0
2025-07-01,Drug or alcohol issues,WA,898.0
2025-07-01,Financial assistance for accommodation,WA,102.0
2025-07-01,Nights in emergency accommodation,WA,25170.0
2025-07-01,Emergency accommodation,WA,1856.0
2025-07-01,Homeless,WA,3818.0
2025-07-01,At risk of homelessness,WA,3832.0
2025-06-01,Indigenous,WA,3243.0
2025-06-01,FDV,WA,3876.0
2025-06-01,Mental health,WA,2021.0
2025-06-01,Drug or alcohol issues,WA,857.0
2025-06-01,Financial assistance for accommodation,WA,81.0
2025-06-01,Nights in emergency accommodation,WA,23994.0
2025-06-01,Emergency accommodation,WA,1687.0
2025-06-01,Homeless,WA,3799.0
2025-06-01,At risk of homelessness,WA,3834.0
2025-05-01,Indigenous,WA,3358.0
2025-05-01,FDV,WA,3933.0
2025-05-01,Mental health,WA,2071.0
2025-05-01,Drug or alcohol issues,WA,879.0
2025-05-01,Financial assistance for accommodation,WA,91.0
2025-05-01,Nights in emergency accommodation,WA,25022.0
2025-05-01,Emergency accommodation,WA,1734.0
2025-05-01,Homeless,WA,3857.0
2025-05-01,At risk of homelessness,WA,3796.0
2025-04-01,Indigenous,WA,3299.0
2025-04-01,FDV,WA,3844.0
2025-04-01,Mental health,WA,2021.0
2025-04-01,Drug or alcohol issues,WA,868.0
2025-04-01,Financial assistance for accommodation,WA,95.0
2025-04-01,Nights in emergency accommodation,WA,23134.0
2025-04-01,Emergency accommodation,WA,1684.0
2025-04-01,Homeless,WA,3869.0
2025-04-01,At risk of homelessness,WA,3644.0
2025-03-01,Indigenous,WA,3397.0
2025-03-01,FDV,WA,3875.0
2025-03-01,Mental health,WA,2056.0
2025-03-01,Drug or alcohol issues,WA,920.0
2025-03-01,Financial assistance for accommodation,WA,100.0
2025-03-01,Nights in emergency accommodation,WA,25114.0
2025-03-01,Emergency accommodation,WA,1750.0
2025-03-01,Homeless,WA,3973.0
2025-03-01,At risk of homelessness,WA,3714.0
2025-02-01,Indigenous,WA,3387.0
2025-02-01,FDV,WA,3907.0
2025-02-01,Mental health,WA,2086.0
2025-02-01,Drug or alcohol issues,WA,924.0
2025-02-01,Financial assistance for accommodation,WA,110.0
2025-02-01,Nights in emergency accommodation,WA,22336.0
2025-02-01,Emergency accommodation,WA,1732.0
2025-02-01,Homeless,WA,3906.0
2025-02-01,At risk of homelessness,WA,3688.0
2025-01-01,Indigenous,WA,3394.0
2025-01-01,FDV,WA,3939.0
2025-01-01,Mental health,WA,2031.0
2025-01-01,Drug or alcohol issues,WA,947.0
2025-01-01,Financial assistance for accommodation,WA,116.0
2025-01-01,Nights in emergency accommodation,WA,23942.0
2025-01-01,Emergency accommodation,WA,1836.0
2025-01-01,Homeless,WA,3845.0
2025-01-01,At risk of homelessness,WA,3755.0
2024-12-01,Indigenous,WA,3255.0
2024-12-01,FDV,WA,3870.0
2024-12-01,Mental health,WA,2032.0
2024-12-01,Drug or alcohol issues,WA,851.0
2024-12-01,Financial assistance for accommodation,WA,83.0
2024-12-01,Nights in emergency accommodation,WA,24176.0
2024-12-01,Emergency accommodation,WA,1664.0
2024-12-01,Homeless,WA,3568.0
2024-12-01,At risk of homelessness,WA,3849.0
2024-11-01,Indigenous,WA,3408.0
2024-11-01,FDV,WA,3892.0
2024-11-01,Mental health,WA,2055.0
2024-11-01,Drug or alcohol issues,WA,890.0
2024-11-01,Financial assistance for accommodation,WA,72.0
2024-11-01,Nights in emergency accommodation,WA,22500.0
2024-11-01,Emergency accommodation,WA,1770.0
2024-11-01,Homeless,WA,3552.0
2024-11-01,At risk of homelessness,WA,4053.0
2024-10-01,Indigenous,WA,3430.0
2024-10-01,FDV,WA,3812.0
2024-10-01,Mental health,WA,2094.0
2024-10-01,Drug or alcohol issues,WA,885.0
2024-10-01,Financial assistance for accommodation,WA,69.0
2024-10-01,Nights in emergency accommodation,WA,23141.0
2024-10-01,Emergency accommodation,WA,1760.0
2024-10-01,Homeless,WA,3626.0
2024-10-01,At risk of homelessness,WA,4012.0
2024-09-01,Indigenous,WA,3467.0
2024-09-01,FDV,WA,3765.0
2024-09-01,Mental health,WA,2020.0
2024-09-01,Drug or alcohol issues,WA,875.0
2024-09-01,Financial assistance for accommodation,WA,88.0
2024-09-01,Nights in emergency accommodation,WA,22504.0
2024-09-01,Emergency accommodation,WA,1829.0
2024-09-01,Homeless,WA,3698.0
2024-09-01,At risk of homelessness,WA,3885.0
2024-08-01,Indigenous,WA,3543.0
2024-08-01,FDV,WA,3790.0
2024-08-01,Mental health,WA,2110.0
2024-08-01,Drug or alcohol issues,WA,906.0
2024-08-01,Financial assistance for accommodation,WA,79.0
2024-08-01,Nights in emergency accommodation,WA,23493.0
2024-08-01,Emergency accommodation,WA,1811.0
2024-08-01,Homeless,WA,4023.0
2024-08-01,At risk of homelessness,WA,3820.0
2024-07-01,Indigenous,WA,3303.0
2024-07-01,FDV,WA,3606.0
2024-07-01,Mental health,WA,2047.0
2024-07-01,Drug or alcohol issues,WA,876.0
2024-07-01,Financial assistance for accommodation,WA,75.0
2024-07-01,Nights in emergency accommodation,WA,23773.0
2024-07-01,Emergency accommodation,WA,1749.0
2024-07-01,Homeless,WA,3794.0
2024-07-01,At risk of homelessness,WA,3743.0
2024-06-01,Indigenous,WA,3211.0
2024-06-01,FDV,WA,3700.0
2024-06-01,Mental health,WA,2043.0
2024-06-01,Drug or alcohol issues,WA,818.0
2024-06-01,Financial assistance for accommodation,WA,78.0
2024-06-01,Nights in emergency accommodation,WA,23576.0
2024-06-01,Emergency accommodation,WA,1689.0
2024-06-01,Homeless,WA,3655.0
2024-06-01,At risk of homelessness,WA,3844.0
2024-05-01,Indigenous,WA,3354.0
2024-05-01,FDV,WA,3778.0
2024-05-01,Mental health,WA,2059.0
2024-05-01,Drug or alcohol issues,WA,818.0
2024-05-01,Financial assistance for accommodation,WA,91.0
2024-05-01,Nights in emergency accommodation,WA,24663.0
2024-05-01,Emergency accommodation,WA,1842.0
2024-05-01,Homeless,WA,3737.0
2024-05-01,At risk of homelessness,WA,3944.0
2024-04-01,Indigenous,WA,3410.0
2024-04-01,FDV,WA,3737.0
2024-04-01,Mental health,WA,2096.0
2024-04-01,Drug or alcohol issues,WA,802.0
2024-04-01,Financial assistance for accommodation,WA,84.0
2024-04-01,Nights in emergency accommodation,WA,23827.0
2024-04-01,Emergency accommodation,WA,1763.0
2024-04-01,Homeless,WA,3681.0
2024-04-01,At risk of homelessness,WA,3968.0
2024-03-01,Indigenous,WA,3197.0
2024-03-01,FDV,WA,3678.0
2024-03-01,Mental health,WA,2070.0
2024-03-01,Drug or alcohol issues,WA,779.0
2024-03-01,Financial assistance for accommodation,WA,78.0
2024-03-01,Nights in emergency accommodation,WA,24806.0
2024-03-01,Emergency accommodation,WA,1661.0
2024-03-01,Homeless,WA,3528.0
2024-03-01,At risk of homelessness,WA,3919.0
2024-02-01,Indigenous,WA,3299.0
2024-02-01,FDV,WA,3770.0
2024-02-01,Mental health,WA,2100.0
2024-02-01,Drug or alcohol issues,WA,829.0
2024-02-01,Financial assistance for accommodation,WA,99.0
2024-02-01,Nights in emergency accommodation,WA,22818.0
2024-02-01,Emergency accommodation,WA,1742.0
2024-02-01,Homeless,WA,3581.0
2024-02-01,At risk of homelessness,WA,4042.0
2024-01-01,Indigenous,WA,3287.0
2024-01-01,FDV,WA,3791.0
2024-01-01,Mental health,WA,2022.0
2024-01-01,Drug or alcohol issues,WA,773.0
2024-01-01,Financial assistance for accommodation,WA,96.0
2024-01-01,Nights in emergency accommodation,WA,24139.0
2024-01-01,Emergency accommodation,WA,1826.0
2024-01-01,Homeless,WA,3533.0
2024-01-01,At risk of homelessness,WA,3863.0
2023-12-01,Indigenous,WA,3305.0
2023-12-01,FDV,WA,3607.0
2023-12-01,Mental health,WA,1976.0
2023-12-01,Drug or alcohol issues,WA,779.0
2023-12-01,Financial assistance for accommodation,WA,72.0
2023-12-01,Nights in emergency accommodation,WA,24170.0
2023-12-01,Emergency accommodation,WA,1829.0
2023-12-01,Homeless,WA,3463.0
2023-12-01,At risk of homelessness,WA,3848.0
2023-11-01,Indigenous,WA,3407.0
2023-11-01,FDV,WA,3690.0
2023-11-01,Mental health,WA,2082.0
2023-11-01,Drug or alcohol issues,WA,806.0
2023-11-01,Financial assistance for accommodation,WA,65.0
2023-11-01,Nights in emergency accommodation,WA,23224.0
2023-11-01,Emergency accommodation,WA,1828.0
2023-11-01,Homeless,WA,3600.0
2023-11-01,At risk of homelessness,WA,3924.0
2023-10-01,Indigenous,WA,3434.0
2023-10-01,FDV,WA,3654.0
2023-10-01,Mental health,WA,2116.0
2023-10-01,Drug or alcohol issues,WA,802.0
2023-10-01,Financial assistance for accommodation,WA,68.0
2023-10-01,Nights in emergency accommodation,WA,22338.0
2023-10-01,Emergency accommodation,WA,1868.0
2023-10-01,Homeless,WA,3595.0
2023-10-01,At risk of homelessness,WA,3899.0
2023-09-01,Indigenous,WA,3351.0
2023-09-01,FDV,WA,3559.0
2023-09-01,Mental health,WA,2047.0
2023-09-01,Drug or alcohol issues,WA,829.0
2023-09-01,Financial assistance for accommodation,WA,75.0
2023-09-01,Nights in emergency accommodation,WA,21472.0
2023-09-01,Emergency accommodation,WA,1696.0
2023-09-01,Homeless,WA,3648.0
2023-09-01,At risk of homelessness,WA,3750.0
2023-08-01,Indigenous,WA,3467.0
2023-08-01,FDV,WA,3621.0
2023-08-01,Mental health,WA,2105.0
2023-08-01,Drug or alcohol issues,WA,805.0
2023-08-01,Financial assistance for accommodation,WA,79.0
2023-08-01,Nights in emergency accommodation,WA,22917.0
2023-08-01,Emergency accommodation,WA,1904.0
2023-08-01,Homeless,WA,3681.0
2023-08-01,At risk of homelessness,WA,4018.0
2023-07-01,Indigenous,WA,3268.0
2023-07-01,FDV,WA,3564.0
2023-07-01,Mental health,WA,2039.0
2023-07-01,Drug or alcohol issues,WA,799.0
2023-07-01,Financial assistance for accommodation,WA,68.0
2023-07-01,Nights in emergency accommodation,WA,22259.0
2023-07-01,Emergency accommodation,WA,1710.0
2023-07-01,Homeless,WA,3359.0
2023-07-01,At risk of homelessness,WA,3943.0
2023-06-01,Indigenous,WA,3311.0
2023-06-01,FDV,WA,3494.0
2023-06-01,Mental health,WA,2074.0
2023-06-01,Drug or alcohol issues,WA,784.0
2023-06-01,Financial assistance for accommodation,WA,78.0
2023-06-01,Nights in emergency accommodation,WA,21260.0
2023-06-01,Emergency accommodation,WA,1681.0
2023-06-01,Homeless,WA,3365.0
2023-06-01,At risk of homelessness,WA,3943.0
2023-05-01,Indigenous,WA,3336.0
2023-05-01,FDV,WA,3408.0
2023-05-01,Mental health,WA,2021.0
2023-05-01,Drug or alcohol issues,WA,812.0
2023-05-01,Financial assistance for accommodation,WA,77.0
2023-05-01,Nights in emergency accommodation,WA,22251.0
2023-05-01,Emergency accommodation,WA,1644.0
2023-05-01,Homeless,WA,3368.0
2023-05-01,At risk of homelessness,WA,3843.0
2023-04-01,Indigenous,WA,3173.0
2023-04-01,FDV,WA,3327.0
2023-04-01,Mental health,WA,1882.0
2023-04-01,Drug or alcohol issues,WA,739.0
2023-04-01,Financial assistance for accommodation,WA,71.0
2023-04-01,Nights in emergency accommodation,WA,21758.0
2023-04-01,Emergency accommodation,WA,1592.0
2023-04-01,Homeless,WA,3189.0
2023-04-01,At risk of homelessness,WA,3638.0
2023-03-01,Indigenous,WA,3387.0
2023-03-01,FDV,WA,3531.0
2023-03-01,Mental health,WA,1943.0
2023-03-01,Drug or alcohol issues,WA,806.0
2023-03-01,Financial assistance for accommodation,WA,95.0
2023-03-01,Nights in emergency accommodation,WA,23293.0
2023-03-01,Emergency accommodation,WA,1807.0
2023-03-01,Homeless,WA,3350.0
2023-03-01,At risk of homelessness,WA,3867.0
2023-02-01,Indigenous,WA,3265.0
2023-02-01,FDV,WA,3333.0
2023-02-01,Mental health,WA,1837.0
2023-02-01,Drug or alcohol issues,WA,860.0
2023-02-01,Financial assistance for accommodation,WA,78.0
2023-02-01,Nights in emergency accommodation,WA,21220.0
2023-02-01,Emergency accommodation,WA,1711.0
2023-02-01,Homeless,WA,3265.0
2023-02-01,At risk of homelessness,WA,3652.0
2023-01-01,Indigenous,WA,3034.0
2023-01-01,FDV,WA,3231.0
2023-01-01,Mental health,WA,1751.0
2023-01-01,Drug or alcohol issues,WA,748.0
2023-01-01,Financial assistance for accommodation,WA,69.0
2023-01-01,Nights in emergency accommodation,WA,23854.0
2023-01-01,Emergency accommodation,WA,1586.0
2023-01-01,Homeless,WA,3177.0
2023-01-01,At risk of homelessness,WA,3379.0
2022-12-01,Indigenous,WA,3074.0
2022-12-01,FDV,WA,3151.0
2022-12-01,Mental health,WA,1744.0
2022-12-01,Drug or alcohol issues,WA,728.0
2022-12-01,Financial assistance for accommodation,WA,54.0
2022-12-01,Nights in emergency accommodation,WA,22149.0
2022-12-01,Emergency accommodation,WA,1701.0
2022-12-01,Homeless,WA,3108.0
2022-12-01,At risk of homelessness,WA,3474.0
2022-11-01,Indigenous,WA,3197.0
2022-11-01,FDV,WA,3081.0
2022-11-01,Mental health,WA,1841.0
2022-11-01,Drug or alcohol issues,WA,752.0
2022-11-01,Financial assistance for accommodation,WA,68.0
2022-11-01,Nights in emergency accommodation,WA,21531.0
2022-11-01,Emergency accommodation,WA,1727.0
2022-11-01,Homeless,WA,3219.0
2022-11-01,At risk of homelessness,WA,3573.0
2022-10-01,Indigenous,WA,3190.0
2022-10-01,FDV,WA,3022.0
2022-10-01,Mental health,WA,1761.0
2022-10-01,Drug or alcohol issues,WA,732.0
2022-10-01,Financial assistance for accommodation,WA,81.0
2022-10-01,Nights in emergency accommodation,WA,21633.0
2022-10-01,Emergency accommodation,WA,1773.0
2022-10-01,Homeless,WA,3245.0
2022-10-01,At risk of homelessness,WA,3376.0
2022-09-01,Indigenous,WA,3143.0
2022-09-01,FDV,WA,2965.0
2022-09-01,Mental health,WA,1772.0
2022-09-01,Drug or alcohol issues,WA,742.0
2022-09-01,Financial assistance for accommodation,WA,74.0
2022-09-01,Nights in emergency accommodation,WA,21219.0
2022-09-01,Emergency accommodation,WA,1779.0
2022-09-01,Homeless,WA,3166.0
2022-09-01,At risk of homelessness,WA,3330.0
2022-08-01,Indigenous,WA,3148.0
2022-08-01,FDV,WA,3118.0
2022-08-01,Mental health,WA,1809.0
2022-08-01,Drug or alcohol issues,WA,796.0
2022-08-01,Financial assistance for accommodation,WA,72.0
2022-08-01,Nights in emergency accommodation,WA,22327.0
2022-08-01,Emergency accommodation,WA,1736.0
2022-08-01,Homeless,WA,3239.0
2022-08-01,At risk of homelessness,WA,3351.0
2022-07-01,Indigenous,WA,3091.0
2022-07-01,FDV,WA,2949.0
2022-07-01,Mental health,WA,1718.0
2022-07-01,Drug or alcohol issues,WA,754.0
2022-07-01,Financial assistance for accommodation,WA,104.0
2022-07-01,Nights in emergency accommodation,WA,21378.0
2022-07-01,Emergency accommodation,WA,1768.0
2022-07-01,Homeless,WA,3043.0
2022-07-01,At risk of homelessness,WA,3289.0
2022-06-01,Indigenous,WA,3039.0
2022-06-01,FDV,WA,2915.0
2022-06-01,Mental health,WA,1775.0
2022-06-01,Drug or alcohol issues,WA,748.0
2022-06-01,Financial assistance for accommodation,WA,94.0
2022-06-01,Nights in emergency accommodation,WA,20100.0
2022-06-01,Emergency accommodation,WA,1678.0
2022-06-01,Homeless,WA,3099.0
2022-06-01,At risk of homelessness,WA,3333.0
2022-05-01,Indigenous,WA,2998.0
2022-05-01,FDV,WA,3012.0
2022-05-01,Mental health,WA,1783.0
2022-05-01,Drug or alcohol issues,WA,731.0
2022-05-01,Financial assistance for accommodation,WA,108.0
2022-05-01,Nights in emergency accommodation,WA,20813.0
2022-05-01,Emergency accommodation,WA,1595.0
2022-05-01,Homeless,WA,3046.0
2022-05-01,At risk of homelessness,WA,3336.0
2022-04-01,Indigenous,WA,2728.0
2022-04-01,FDV,WA,2850.0
2022-04-01,Mental health,WA,1727.0
2022-04-01,Drug or alcohol issues,WA,686.0
2022-04-01,Financial assistance for accommodation,WA,83.0
2022-04-01,Nights in emergency accommodation,WA,19121.0
2022-04-01,Emergency accommodation,WA,1415.0
2022-04-01,Homeless,WA,2972.0
2022-04-01,At risk of homelessness,WA,3078.0
2022-03-01,Indigenous,WA,3011.0
2022-03-01,FDV,WA,2968.0
2022-03-01,Mental health,WA,1852.0
2022-03-01,Drug or alcohol issues,WA,785.0
2022-03-01,Financial assistance for accommodation,WA,111.0
2022-03-01,Nights in emergency accommodation,WA,21340.0
2022-03-01,Emergency accommodation,WA,1653.0
2022-03-01,Homeless,WA,3136.0
2022-03-01,At risk of homelessness,WA,3333.0
2022-02-01,Indigenous,WA,2901.0
2022-02-01,FDV,WA,2936.0
2022-02-01,Mental health,WA,1774.0
2022-02-01,Drug or alcohol issues,WA,760.0
2022-02-01,Financial assistance for accommodation,WA,119.0
2022-02-01,Nights in emergency accommodation,WA,20235.0
2022-02-01,Emergency accommodation,WA,1588.0
2022-02-01,Homeless,WA,3063.0
2022-02-01,At risk of homelessness,WA,3228.0
2022-01-01,Indigenous,WA,3074.0
2022-01-01,FDV,WA,3046.0
2022-01-01,Mental health,WA,1703.0
2022-01-01,Drug or alcohol issues,WA,750.0
2022-01-01,Financial assistance for accommodation,WA,118.0
2022-01-01,Nights in emergency accommodation,WA,23581.0
2022-01-01,Emergency accommodation,WA,1870.0
2022-01-01,Homeless,WA,3137.0
2022-01-01,At risk of homelessness,WA,3237.0
2021-12-01,Indigenous,WA,3040.0
2021-12-01,FDV,WA,3049.0
2021-12-01,Mental health,WA,1765.0
2021-12-01,Drug or alcohol issues,WA,722.0
2021-12-01,Financial assistance for accommodation,WA,98.0
2021-12-01,Nights in emergency accommodation,WA,24207.0
2021-12-01,Emergency accommodation,WA,1910.0
2021-12-01,Homeless,WA,3008.0
2021-12-01,At risk of homelessness,WA,3453.0
2021-11-01,Indigenous,WA,3229.0
2021-11-01,FDV,WA,3100.0
2021-11-01,Mental health,WA,1858.0
2021-11-01,Drug or alcohol issues,WA,835.0
2021-11-01,Financial assistance for accommodation,WA,109.0
2021-11-01,Nights in emergency accommodation,WA,21597.0
2021-11-01,Emergency accommodation,WA,1889.0
2021-11-01,Homeless,WA,3218.0
2021-11-01,At risk of homelessness,WA,3518.0
2021-10-01,Indigenous,WA,3193.0
2021-10-01,FDV,WA,3107.0
2021-10-01,Mental health,WA,1877.0
2021-10-01,Drug or alcohol issues,WA,810.0
2021-10-01,Financial assistance for accommodation,WA,133.0
2021-10-01,Nights in emergency accommodation,WA,22198.0
2021-10-01,Emergency accommodation,WA,2009.0
2021-10-01,Homeless,WA,3126.0
2021-10-01,At risk of homelessness,WA,3629.0
2021-09-01,Indigenous,WA,3126.0
2021-09-01,FDV,WA,3066.0
2021-09-01,Mental health,WA,1875.0
2021-09-01,Drug or alcohol issues,WA,815.0
2021-09-01,Financial assistance for accommodation,WA,103.0
2021-09-01,Nights in emergency accommodation,WA,21775.0
2021-09-01,Emergency accommodation,WA,1855.0
2021-09-01,Homeless,WA,3080.0
2021-09-01,At risk of homelessness,WA,3537.0
2021-08-01,Indigenous,WA,2976.0
2021-08-01,FDV,WA,3025.0
2021-08-01,Mental health,WA,1892.0
2021-08-01,Drug or alcohol issues,WA,813.0
2021-08-01,Financial assistance for accommodation,WA,113.0
2021-08-01,Nights in emergency accommodation,WA,21696.0
2021-08-01,Emergency accommodation,WA,1735.0
2021-08-01,Homeless,WA,2980.0
2021-08-01,At risk of homelessness,WA,3495.0
2021-07-01,Indigenous,WA,2938.0
2021-07-01,FDV,WA,3001.0
2021-07-01,Mental health,WA,1881.0
2021-07-01,Drug or alcohol issues,WA,818.0
2021-07-01,Financial assistance for accommodation,WA,116.0
2021-07-01,Nights in emergency accommodation,WA,21782.0
2021-07-01,Emergency accommodation,WA,1718.0
2021-07-01,Homeless,WA,3010.0
2021-07-01,At risk of homelessness,WA,3466.0
2021-06-01,Indigenous,WA,2979.0
2021-06-01,FDV,WA,3064.0
2021-06-01,Mental health,WA,1896.0
2021-06-01,Drug or alcohol issues,WA,861.0
2021-06-01,Financial assistance for accommodation,WA,111.0
2021-06-01,Nights in emergency accommodation,WA,21715.0
2021-06-01,Emergency accommodation,WA,1741.0
2021-06-01,Homeless,WA,2980.0
2021-06-01,At risk of homelessness,WA,3655.0
2021-05-01,Indigenous,WA,2931.0
2021-05-01,FDV,WA,3177.0
2021-05-01,Mental health,WA,1935.0
2021-05-01,Drug or alcohol issues,WA,851.0
2021-05-01,Financial assistance for accommodation,WA,116.0
2021-05-01,Nights in emergency accommodation,WA,22910.0
2021-05-01,Emergency accommodation,WA,1751.0
2021-05-01,Homeless,WA,2996.0
2021-05-01,At risk of homelessness,WA,3635.0
2021-04-01,Indigenous,WA,2821.0
2021-04-01,FDV,WA,3141.0
2021-04-01,Mental health,WA,1933.0
2021-04-01,Drug or alcohol issues,WA,841.0
2021-04-01,Financial assistance for accommodation,WA,110.0
2021-04-01,Nights in emergency accommodation,WA,22896.0
2021-04-01,Emergency accommodation,WA,1671.0
2021-04-01,Homeless,WA,2924.0
2021-04-01,At risk of homelessness,WA,3548.0
2021-03-01,Indigenous,WA,3098.0
2021-03-01,FDV,WA,3263.0
2021-03-01,Mental health,WA,2029.0
2021-03-01,Drug or alcohol issues,WA,900.0
2021-03-01,Financial assistance for accommodation,WA,126.0
2021-03-01,Nights in emergency accommodation,WA,23886.0
2021-03-01,Emergency accommodation,WA,1894.0
2021-03-01,Homeless,WA,3110.0
2021-03-01,At risk of homelessness,WA,3729.0
2021-02-01,Indigenous,WA,2841.0
2021-02-01,FDV,WA,3041.0
2021-02-01,Mental health,WA,1891.0
2021-02-01,Drug or alcohol issues,WA,830.0
2021-02-01,Financial assistance for accommodation,WA,100.0
2021-02-01,Nights in emergency accommodation,WA,19910.0
2021-02-01,Emergency accommodation,WA,1630.0
2021-02-01,Homeless,WA,2877.0
2021-02-01,At risk of homelessness,WA,3398.0
2021-01-01,Indigenous,WA,3082.0
2021-01-01,FDV,WA,3040.0
2021-01-01,Mental health,WA,1826.0
2021-01-01,Drug or alcohol issues,WA,847.0
2021-01-01,Financial assistance for accommodation,WA,83.0
2021-01-01,Nights in emergency accommodation,WA,22017.0
2021-01-01,Emergency accommodation,WA,1926.0
2021-01-01,Homeless,WA,2969.0
2021-01-01,At risk of homelessness,WA,3446.0
2020-12-01,Indigenous,WA,3000.0
2020-12-01,FDV,WA,2907.0
2020-12-01,Mental health,WA,1816.0
2020-12-01,Drug or alcohol issues,WA,823.0
2020-12-01,Financial assistance for accommodation,WA,115.0
2020-12-01,Nights in emergency accommodation,WA,21817.0
2020-12-01,Emergency accommodation,WA,1940.0
2020-12-01,Homeless,WA,2873.0
2020-12-01,At risk of homelessness,WA,3429.0
2020-11-01,Indigenous,WA,2962.0
2020-11-01,FDV,WA,2788.0
2020-11-01,Mental health,WA,1848.0
2020-11-01,Drug or alcohol issues,WA,880.0
2020-11-01,Financial assistance for accommodation,WA,104.0
2020-11-01,Nights in emergency accommodation,WA,20809.0
2020-11-01,Emergency accommodation,WA,1787.0
2020-11-01,Homeless,WA,2942.0
2020-11-01,At risk of homelessness,WA,3359.0
2020-10-01,Indigenous,WA,2942.0
2020-10-01,FDV,WA,2849.0
2020-10-01,Mental health,WA,1885.0
2020-10-01,Drug or alcohol issues,WA,843.0
2020-10-01,Financial assistance for accommodation,WA,92.0
2020-10-01,Nights in emergency accommodation,WA,21986.0
2020-10-01,Emergency accommodation,WA,1856.0
2020-10-01,Homeless,WA,2857.0
2020-10-01,At risk of homelessness,WA,3562.0
2020-09-01,Indigenous,WA,2739.0
2020-09-01,FDV,WA,2736.0
2020-09-01,Mental health,WA,1811.0
2020-09-01,Drug or alcohol issues,WA,841.0
2020-09-01,Financial assistance for accommodation,WA,71.0
2020-09-01,Nights in emergency accommodation,WA,20595.0
2020-09-01,Emergency accommodation,WA,1716.0
2020-09-01,Homeless,WA,2677.0
2020-09-01,At risk of homelessness,WA,3373.0
2020-08-01,Indigenous,WA,2589.0
2020-08-01,FDV,WA,2608.0
2020-08-01,Mental health,WA,1711.0
2020-08-01,Drug or alcohol issues,WA,796.0
2020-08-01,Financial assistance for accommodation,WA,72.0
2020-08-01,Nights in emergency accommodation,WA,20132.0
2020-08-01,Emergency accommodation,WA,1736.0
2020-08-01,Homeless,WA,2556.0
2020-08-01,At risk of homelessness,WA,3187.0
2020-07-01,Indigenous,WA,2580.0
2020-07-01,FDV,WA,2553.0
2020-07-01,Mental health,WA,1724.0
2020-07-01,Drug or alcohol issues,WA,777.0
2020-07-01,Financial assistance for accommodation,WA,66.0
2020-07-01,Nights in emergency accommodation,WA,20011.0
2020-07-01,Emergency accommodation,WA,1689.0
2020-07-01,Homeless,WA,2505.0
2020-07-01,At risk of homelessness,WA,3198.0
2020-06-01,Indigenous,WA,2562.0
2020-06-01,FDV,WA,2550.0
2020-06-01,Mental health,WA,1735.0
2020-06-01,Drug or alcohol issues,WA,787.0
2020-06-01,Financial assistance for accommodation,WA,88.0
2020-06-01,Nights in emergency accommodation,WA,18797.0
2020-06-01,Emergency accommodation,WA,1646.0
2020-06-01,Homeless,WA,2507.0
2020-06-01,At risk of homelessness,WA,3265.0
2020-05-01,Indigenous,WA,2336.0
2020-05-01,FDV,WA,2567.0
2020-05-01,Mental health,WA,1653.0
2020-05-01,Drug or alcohol issues,WA,774.0
2020-05-01,Financial assistance for accommodation,WA,73.0
2020-05-01,Nights in emergency accommodation,WA,18623.0
2020-05-01,Emergency accommodation,WA,1474.0
2020-05-01,Homeless,WA,2451.0
2020-05-01,At risk of homelessness,WA,3088.0
2020-04-01,Indigenous,WA,2138.0
2020-04-01,FDV,WA,2454.0
2020-04-01,Mental health,WA,1628.0
2020-04-01,Drug or alcohol issues,WA,728.0
2020-04-01,Financial assistance for accommodation,WA,90.0
2020-04-01,Nights in emergency accommodation,WA,17221.0
2020-04-01,Emergency accommodation,WA,1317.0
2020-04-01,Homeless,WA,2391.0
2020-04-01,At risk of homelessness,WA,2911.0
2020-03-01,Indigenous,WA,2540.0
2020-03-01,FDV,WA,2598.0
2020-03-01,Mental health,WA,1723.0
2020-03-01,Drug or alcohol issues,WA,789.0
2020-03-01,Financial assistance for accommodation,WA,78.0
2020-03-01,Nights in emergency accommodation,WA,20773.0
2020-03-01,Emergency accommodation,WA,1712.0
2020-03-01,Homeless,WA,2544.0
2020-03-01,At risk of homelessness,WA,3341.0
2020-02-01,Indigenous,WA,2664.0
2020-02-01,FDV,WA,2610.0
2020-02-01,Mental health,WA,1708.0
2020-02-01,Drug or alcohol issues,WA,805.0
2020-02-01,Financial assistance for accommodation,WA,89.0
2020-02-01,Nights in emergency accommodation,WA,19790.0
2020-02-01,Emergency accommodation,WA,1842.0
2020-02-01,Homeless,WA,2611.0
2020-02-01,At risk of homelessness,WA,3311.0
2020-01-01,Indigenous,WA,2869.0
2020-01-01,FDV,WA,2742.0
2020-01-01,Mental health,WA,1648.0
2020-01-01,Drug or alcohol issues,WA,786.0
2020-01-01,Financial assistance for accommodation,WA,91.0
2020-01-01,Nights in emergency accommodation,WA,21301.0
2020-01-01,Emergency accommodation,WA,1981.0
2020-01-01,Homeless,WA,2706.0
2020-01-01,At risk of homelessness,WA,3319.0
2019-12-01,Indigenous,WA,2813.0
2019-12-01,FDV,WA,2772.0
2019-12-01,Mental health,WA,1648.0
2019-12-01,Drug or alcohol issues,WA,726.0
2019-12-01,Financial assistance for accommodation,WA,77.0
2019-12-01,Nights in emergency accommodation,WA,21366.0
2019-12-01,Emergency accommodation,WA,1966.0
2019-12-01,Homeless,WA,2561.0
2019-12-01,At risk of homelessness,WA,3403.0
2019-11-01,Indigenous,WA,2832.0
2019-11-01,FDV,WA,2831.0
2019-11-01,Mental health,WA,1723.0
2019-11-01,Drug or alcohol issues,WA,774.0
2019-11-01,Financial assistance for accommodation,WA,69.0
2019-11-01,Nights in emergency accommodation,WA,19888.0
2019-11-01,Emergency accommodation,WA,1880.0
2019-11-01,Homeless,WA,2654.0
2019-11-01,At risk of homelessness,WA,3533.0
2019-10-01,Indigenous,WA,2764.0
2019-10-01,FDV,WA,2729.0
2019-10-01,Mental health,WA,1684.0
2019-10-01,Drug or alcohol issues,WA,747.0
2019-10-01,Financial assistance for accommodation,WA,84.0
2019-10-01,Nights in emergency accommodation,WA,20422.0
2019-10-01,Emergency accommodation,WA,1854.0
2019-10-01,Homeless,WA,2640.0
2019-10-01,At risk of homelessness,WA,3444.0
2019-09-01,Indigenous,WA,2671.0
2019-09-01,FDV,WA,2690.0
2019-09-01,Mental health,WA,1621.0
2019-09-01,Drug or alcohol issues,WA,733.0
2019-09-01,Financial assistance for accommodation,WA,79.0
2019-09-01,Nights in emergency accommodation,WA,19521.0
2019-09-01,Emergency accommodation,WA,1809.0
2019-09-01,Homeless,WA,2504.0
2019-09-01,At risk of homelessness,WA,3364.0
2019-08-01,Indigenous,WA,2812.0
2019-08-01,FDV,WA,2906.0
2019-08-01,Mental health,WA,1643.0
2019-08-01,Drug or alcohol issues,WA,739.0
2019-08-01,Financial assistance for accommodation,WA,51.0
2019-08-01,Nights in emergency accommodation,WA,18968.0
2019-08-01,Emergency accommodation,WA,1953.0
2019-08-01,Homeless,WA,2487.0
2019-08-01,At risk of homelessness,WA,3691.0
2019-07-01,Indigenous,WA,2767.0
2019-07-01,FDV,WA,2757.0
2019-07-01,Mental health,WA,1631.0
2019-07-01,Drug or alcohol issues,WA,708.0
2019-07-01,Financial assistance for accommodation,WA,41.0
2019-07-01,Nights in emergency accommodation,WA,19056.0
2019-07-01,Emergency accommodation,WA,1828.0
2019-07-01,Homeless,WA,2479.0
2019-07-01,At risk of homelessness,WA,3678.0
2019-06-01,Indigenous,WA,2614.0
2019-06-01,FDV,WA,2755.0
2019-06-01,Mental health,WA,1628.0
2019-06-01,Drug or alcohol issues,WA,738.0
2019-06-01,Financial assistance for accommodation,WA,81.0
2019-06-01,Nights in emergency accommodation,WA,18014.0
2019-06-01,Emergency accommodation,WA,1640.0
2019-06-01,Homeless,WA,2447.0
2019-06-01,At risk of homelessness,WA,3600.0
2019-05-01,Indigenous,WA,2740.0
2019-05-01,FDV,WA,2893.0
2019-05-01,Mental health,WA,1748.0
2019-05-01,Drug or alcohol issues,WA,799.0
2019-05-01,Financial assistance for accommodation,WA,65.0
2019-05-01,Nights in emergency accommodation,WA,19792.0
2019-05-01,Emergency accommodation,WA,1734.0
2019-05-01,Homeless,WA,2654.0
2019-05-01,At risk of homelessness,WA,3672.0
2019-04-01,Indigenous,WA,2664.0
2019-04-01,FDV,WA,2841.0
2019-04-01,Mental health,WA,1605.0
2019-04-01,Drug or alcohol issues,WA,761.0
2019-04-01,Financial assistance for accommodation,WA,48.0
2019-04-01,Nights in emergency accommodation,WA,19367.0
2019-04-01,Emergency accommodation,WA,1699.0
2019-04-01,Homeless,WA,2606.0
2019-04-01,At risk of homelessness,WA,3552.0
2019-03-01,Indigenous,WA,2774.0
2019-03-01,FDV,WA,2974.0
2019-03-01,Mental health,WA,1684.0
2019-03-01,Drug or alcohol issues,WA,835.0
2019-03-01,Financial assistance for accommodation,WA,72.0
2019-03-01,Nights in emergency accommodation,WA,21781.0
2019-03-01,Emergency accommodation,WA,1820.0
2019-03-01,Homeless,WA,2701.0
2019-03-01,At risk of homelessness,WA,3689.0
2019-02-01,Indigenous,WA,2557.0
2019-02-01,FDV,WA,2915.0
2019-02-01,Mental health,WA,1648.0
2019-02-01,Drug or alcohol issues,WA,823.0
2019-02-01,Financial assistance for accommodation,WA,87.0
2019-02-01,Nights in emergency accommodation,WA,18872.0
2019-02-01,Emergency accommodation,WA,1761.0
2019-02-01,Homeless,WA,2510.0
2019-02-01,At risk of homelessness,WA,3599.0
2019-01-01,Indigenous,WA,2801.0
2019-01-01,FDV,WA,2988.0
2019-01-01,Mental health,WA,1663.0
2019-01-01,Drug or alcohol issues,WA,818.0
2019-01-01,Financial assistance for accommodation,WA,96.0
2019-01-01,Nights in emergency accommodation,WA,20587.0
2019-01-01,Emergency accommodation,WA,1941.0
2019-01-01,Homeless,WA,2517.0
2019-01-01,At risk of homelessness,WA,3673.0
2018-12-01,Indigenous,WA,2543.0
2018-12-01,FDV,WA,2851.0
2018-12-01,Mental health,WA,1530.0
2018-12-01,Drug or alcohol issues,WA,720.0
2018-12-01,Financial assistance for accommodation,WA,85.0
2018-12-01,Nights in emergency accommodation,WA,19426.0
2018-12-01,Emergency accommodation,WA,1738.0
2018-12-01,Homeless,WA,2339.0
2018-12-01,At risk of homelessness,WA,3472.0
2018-11-01,Indigenous,WA,2303.0
2018-11-01,FDV,WA,2740.0
2018-11-01,Mental health,WA,1651.0
2018-11-01,Drug or alcohol issues,WA,760.0
2018-11-01,Financial assistance for accommodation,WA,69.0
2018-11-01,Nights in emergency accommodation,WA,17085.0
2018-11-01,Emergency accommodation,WA,1352.0
2018-11-01,Homeless,WA,2400.0
2018-11-01,At risk of homelessness,WA,3303.0
2018-10-01,Indigenous,WA,2398.0
2018-10-01,FDV,WA,2856.0
2018-10-01,Mental health,WA,1664.0
2018-10-01,Drug or alcohol issues,WA,747.0
2018-10-01,Financial assistance for accommodation,WA,61.0
2018-10-01,Nights in emergency accommodation,WA,17323.0
2018-10-01,Emergency accommodation,WA,1463.0
2018-10-01,Homeless,WA,2505.0
2018-10-01,At risk of homelessness,WA,3310.0
2018-09-01,Indigenous,WA,2177.0
2018-09-01,FDV,WA,2614.0
2018-09-01,Mental health,WA,1606.0
2018-09-01,Drug or alcohol issues,WA,717.0
2018-09-01,Financial assistance for accommodation,WA,49.0
2018-09-01,Nights in emergency accommodation,WA,17082.0
2018-09-01,Emergency accommodation,WA,1329.0
2018-09-01,Homeless,WA,2316.0
2018-09-01,At risk of homelessness,WA,3105.0
2018-08-01,Indigenous,WA,2281.0
2018-08-01,FDV,WA,2783.0
2018-08-01,Mental health,WA,1640.0
2018-08-01,Drug or alcohol issues,WA,769.0
2018-08-01,Financial assistance for accommodation,WA,77.0
2018-08-01,Nights in emergency accommodation,WA,18065.0
2018-08-01,Emergency accommodation,WA,1427.0
2018-08-01,Homeless,WA,2373.0
2018-08-01,At risk of homelessness,WA,3238.0
2018-07-01,Indigenous,WA,2192.0
2018-07-01,FDV,WA,2676.0
2018-07-01,Mental health,WA,1595.0
2018-07-01,Drug or alcohol issues,WA,740.0
2018-07-01,Financial assistance for accommodation,WA,66.0
2018-07-01,Nights in emergency accommodation,WA,17708.0
2018-07-01,Emergency accommodation,WA,1446.0
2018-07-01,Homeless,WA,2428.0
2018-07-01,At risk of homelessness,WA,3135.0
2018-06-01,Indigenous,WA,2135.0
2018-06-01,FDV,WA,2579.0
2018-06-01,Mental health,WA,1533.0
2018-06-01,Drug or alcohol issues,WA,709.0
2018-06-01,Financial assistance for accommodation,WA,69.0
2018-06-01,Nights in emergency accommodation,WA,17056.0
2018-06-01,Emergency accommodation,WA,1334.0
2018-06-01,Homeless,WA,2369.0
2018-06-01,At risk of homelessness,WA,3045.0
2018-05-01,Indigenous,WA,2150.0
2018-05-01,FDV,WA,2526.0
2018-05-01,Mental health,WA,1535.0
2018-05-01,Drug or alcohol issues,WA,708.0
2018-05-01,Financial assistance for accommodation,WA,69.0
2018-05-01,Nights in emergency accommodation,WA,17624.0
2018-05-01,Emergency accommodation,WA,1327.0
2018-05-01,Homeless,WA,2355.0
2018-05-01,At risk of homelessness,WA,3051.0
2018-04-01,Indigenous,WA,2213.0
2018-04-01,FDV,WA,2494.0
2018-04-01,Mental health,WA,1461.0
2018-04-01,Drug or alcohol issues,WA,717.0
2018-04-01,Financial assistance for accommodation,WA,61.0
2018-04-01,Nights in emergency accommodation,WA,17122.0
2018-04-01,Emergency accommodation,WA,1361.0
2018-04-01,Homeless,WA,2315.0
2018-04-01,At risk of homelessness,WA,3041.0
2018-03-01,Indigenous,WA,2303.0
2018-03-01,FDV,WA,2628.0
2018-03-01,Mental health,WA,1523.0
2018-03-01,Drug or alcohol issues,WA,700.0
2018-03-01,Financial assistance for accommodation,WA,67.0
2018-03-01,Nights in emergency accommodation,WA,18242.0
2018-03-01,Emergency accommodation,WA,1476.0
2018-03-01,Homeless,WA,2407.0
2018-03-01,At risk of homelessness,WA,3218.0
2018-02-01,Indigenous,WA,2152.0
2018-02-01,FDV,WA,2676.0
2018-02-01,Mental health,WA,1563.0
2018-02-01,Drug or alcohol issues,WA,707.0
2018-02-01,Financial assistance for accommodation,WA,58.0
2018-02-01,Nights in emergency accommodation,WA,16311.0
2018-02-01,Emergency accommodation,WA,1396.0
2018-02-01,Homeless,WA,2402.0
2018-02-01,At risk of homelessness,WA,3114.0
2018-01-01,Indigenous,WA,2257.0
2018-01-01,FDV,WA,2691.0
2018-01-01,Mental health,WA,1482.0
2018-01-01,Drug or alcohol issues,WA,665.0
2018-01-01,Financial assistance for accommodation,WA,71.0
2018-01-01,Nights in emergency accommodation,WA,18470.0
2018-01-01,Emergency accommodation,WA,1580.0
2018-01-01,Homeless,WA,2481.0
2018-01-01,At risk of homelessness,WA,3107.0
2017-12-01,Indigenous,WA,2155.0
2017-12-01,FDV,WA,2614.0
2017-12-01,Mental health,WA,1354.0
2017-12-01,Drug or alcohol issues,WA,614.0
2017-12-01,Financial assistance for accommodation,WA,69.0
2017-12-01,Nights in emergency accommodation,WA,17249.0
2017-12-01,Emergency accommodation,WA,1472.0
2017-12-01,Homeless,WA,2168.0
2017-12-01,At risk of homelessness,WA,3184.0
2017-11-01,Indigenous,WA,2169.0
2017-11-01,FDV,WA,2603.0
2017-11-01,Mental health,WA,1439.0
2017-11-01,Drug or alcohol issues,WA,687.0
2017-11-01,Financial assistance for accommodation,WA,60.0
2017-11-01,Nights in emergency accommodation,WA,16356.0
2017-11-01,Emergency accommodation,WA,1424.0
2017-11-01,Homeless,WA,2328.0
2017-11-01,At risk of homelessness,WA,3162.0
2017-10-01,Indigenous,WA,2207.0
2017-10-01,FDV,WA,2648.0
2017-10-01,Mental health,WA,1447.0
2017-10-01,Drug or alcohol issues,WA,724.0
2017-10-01,Financial assistance for accommodation,WA,58.0
2017-10-01,Nights in emergency accommodation,WA,16829.0
2017-10-01,Emergency accommodation,WA,1432.0
2017-10-01,Homeless,WA,2374.0
2017-10-01,At risk of homelessness,WA,3168.0
2017-09-01,Indigenous,WA,2050.0
2017-09-01,FDV,WA,2411.0
2017-09-01,Mental health,WA,1403.0
2017-09-01,Drug or alcohol issues,WA,702.0
2017-09-01,Financial assistance for accommodation,WA,42.0
2017-09-01,Nights in emergency accommodation,WA,15543.0
2017-09-01,Emergency accommodation,WA,1319.0
2017-09-01,Homeless,WA,2245.0
2017-09-01,At risk of homelessness,WA,3006.0
2017-08-01,Indigenous,WA,2149.0
2017-08-01,FDV,WA,2606.0
2017-08-01,Mental health,WA,1504.0
2017-08-01,Drug or alcohol issues,WA,743.0
2017-08-01,Financial assistance for accommodation,WA,85.0
2017-08-01,Nights in emergency accommodation,WA,16443.0
2017-08-01,Emergency accommodation,WA,1386.0
2017-08-01,Homeless,WA,2353.0
2017-08-01,At risk of homelessness,WA,3173.0
2017-07-01,Indigenous,WA,2084.0
2017-07-01,FDV,WA,2518.0
2017-07-01,Mental health,WA,1425.0
2017-07-01,Drug or alcohol issues,WA,691.0
2017-07-01,Financial assistance for accommodation,WA,66.0
2017-07-01,Nights in emergency accommodation,WA,15022.0
2017-07-01,Emergency accommodation,WA,1391.0
2017-07-01,Homeless,WA,2252.0
2017-07-01,At risk of homelessness,WA,3207.0
2026-03-01,Indigenous,SA,1689.0
2026-03-01,FDV,SA,1675.0
2026-03-01,Mental health,SA,1834.0
2026-03-01,Drug or alcohol issues,SA,475.0
2026-03-01,Financial assistance for accommodation,SA,71.0
2026-03-01,Nights in emergency accommodation,SA,7040.0
2026-03-01,Emergency accommodation,SA,374.0
2026-03-01,Homeless,SA,2835.0
2026-03-01,At risk of homelessness,SA,3077.0
2026-02-01,Indigenous,SA,1688.0
2026-02-01,FDV,SA,1625.0
2026-02-01,Mental health,SA,1827.0
2026-02-01,Drug or alcohol issues,SA,500.0
2026-02-01,Financial assistance for accommodation,SA,67.0
2026-02-01,Nights in emergency accommodation,SA,5904.0
2026-02-01,Emergency accommodation,SA,394.0
2026-02-01,Homeless,SA,2788.0
2026-02-01,At risk of homelessness,SA,2957.0
2026-01-01,Indigenous,SA,1628.0
2026-01-01,FDV,SA,1571.0
2026-01-01,Mental health,SA,1794.0
2026-01-01,Drug or alcohol issues,SA,482.0
2026-01-01,Financial assistance for accommodation,SA,92.0
2026-01-01,Nights in emergency accommodation,SA,6147.0
2026-01-01,Emergency accommodation,SA,354.0
2026-01-01,Homeless,SA,2737.0
2026-01-01,At risk of homelessness,SA,2963.0
2025-12-01,Indigenous,SA,1665.0
2025-12-01,FDV,SA,1616.0
2025-12-01,Mental health,SA,1735.0
2025-12-01,Drug or alcohol issues,SA,463.0
2025-12-01,Financial assistance for accommodation,SA,76.0
2025-12-01,Nights in emergency accommodation,SA,6210.0
2025-12-01,Emergency accommodation,SA,353.0
2025-12-01,Homeless,SA,2871.0
2025-12-01,At risk of homelessness,SA,3024.0
2025-11-01,Indigenous,SA,1620.0
2025-11-01,FDV,SA,1604.0
2025-11-01,Mental health,SA,1798.0
2025-11-01,Drug or alcohol issues,SA,472.0
2025-11-01,Financial assistance for accommodation,SA,58.0
2025-11-01,Nights in emergency accommodation,SA,6191.0
2025-11-01,Emergency accommodation,SA,357.0
2025-11-01,Homeless,SA,2944.0
2025-11-01,At risk of homelessness,SA,2971.0
2025-10-01,Indigenous,SA,1634.0
2025-10-01,FDV,SA,1625.0
2025-10-01,Mental health,SA,1750.0
2025-10-01,Drug or alcohol issues,SA,449.0
2025-10-01,Financial assistance for accommodation,SA,69.0
2025-10-01,Nights in emergency accommodation,SA,7153.0
2025-10-01,Emergency accommodation,SA,392.0
2025-10-01,Homeless,SA,2914.0
2025-10-01,At risk of homelessness,SA,3036.0
2025-09-01,Indigenous,SA,1655.0
2025-09-01,FDV,SA,1584.0
2025-09-01,Mental health,SA,1771.0
2025-09-01,Drug or alcohol issues,SA,440.0
2025-09-01,Financial assistance for accommodation,SA,71.0
2025-09-01,Nights in emergency accommodation,SA,6972.0
2025-09-01,Emergency accommodation,SA,410.0
2025-09-01,Homeless,SA,2847.0
2025-09-01,At risk of homelessness,SA,3018.0
2025-08-01,Indigenous,SA,1613.0
2025-08-01,FDV,SA,1557.0
2025-08-01,Mental health,SA,1794.0
2025-08-01,Drug or alcohol issues,SA,429.0
2025-08-01,Financial assistance for accommodation,SA,108.0
2025-08-01,Nights in emergency accommodation,SA,6751.0
2025-08-01,Emergency accommodation,SA,393.0
2025-08-01,Homeless,SA,2872.0
2025-08-01,At risk of homelessness,SA,2910.0
2025-07-01,Indigenous,SA,1718.0
2025-07-01,FDV,SA,1554.0
2025-07-01,Mental health,SA,1838.0
2025-07-01,Drug or alcohol issues,SA,432.0
2025-07-01,Financial assistance for accommodation,SA,105.0
2025-07-01,Nights in emergency accommodation,SA,6281.0
2025-07-01,Emergency accommodation,SA,371.0
2025-07-01,Homeless,SA,3036.0
2025-07-01,At risk of homelessness,SA,3192.0
2025-06-01,Indigenous,SA,1718.0
2025-06-01,FDV,SA,1569.0
2025-06-01,Mental health,SA,1882.0
2025-06-01,Drug or alcohol issues,SA,413.0
2025-06-01,Financial assistance for accommodation,SA,110.0
2025-06-01,Nights in emergency accommodation,SA,5536.0
2025-06-01,Emergency accommodation,SA,349.0
2025-06-01,Homeless,SA,3041.0
2025-06-01,At risk of homelessness,SA,3118.0
2025-05-01,Indigenous,SA,1782.0
2025-05-01,FDV,SA,1555.0
2025-05-01,Mental health,SA,1959.0
2025-05-01,Drug or alcohol issues,SA,469.0
2025-05-01,Financial assistance for accommodation,SA,74.0
2025-05-01,Nights in emergency accommodation,SA,6478.0
2025-05-01,Emergency accommodation,SA,375.0
2025-05-01,Homeless,SA,3083.0
2025-05-01,At risk of homelessness,SA,3220.0
2025-04-01,Indigenous,SA,1791.0
2025-04-01,FDV,SA,1599.0
2025-04-01,Mental health,SA,1953.0
2025-04-01,Drug or alcohol issues,SA,458.0
2025-04-01,Financial assistance for accommodation,SA,53.0
2025-04-01,Nights in emergency accommodation,SA,6156.0
2025-04-01,Emergency accommodation,SA,388.0
2025-04-01,Homeless,SA,3002.0
2025-04-01,At risk of homelessness,SA,3301.0
2025-03-01,Indigenous,SA,1874.0
2025-03-01,FDV,SA,1564.0
2025-03-01,Mental health,SA,1986.0
2025-03-01,Drug or alcohol issues,SA,468.0
2025-03-01,Financial assistance for accommodation,SA,61.0
2025-03-01,Nights in emergency accommodation,SA,7121.0
2025-03-01,Emergency accommodation,SA,404.0
2025-03-01,Homeless,SA,3068.0
2025-03-01,At risk of homelessness,SA,3335.0
2025-02-01,Indigenous,SA,1850.0
2025-02-01,FDV,SA,1505.0
2025-02-01,Mental health,SA,2001.0
2025-02-01,Drug or alcohol issues,SA,472.0
2025-02-01,Financial assistance for accommodation,SA,70.0
2025-02-01,Nights in emergency accommodation,SA,6031.0
2025-02-01,Emergency accommodation,SA,405.0
2025-02-01,Homeless,SA,3082.0
2025-02-01,At risk of homelessness,SA,3299.0
2025-01-01,Indigenous,SA,1817.0
2025-01-01,FDV,SA,1548.0
2025-01-01,Mental health,SA,2005.0
2025-01-01,Drug or alcohol issues,SA,475.0
2025-01-01,Financial assistance for accommodation,SA,95.0
2025-01-01,Nights in emergency accommodation,SA,7515.0
2025-01-01,Emergency accommodation,SA,406.0
2025-01-01,Homeless,SA,3188.0
2025-01-01,At risk of homelessness,SA,3165.0
2024-12-01,Indigenous,SA,1821.0
2024-12-01,FDV,SA,1504.0
2024-12-01,Mental health,SA,1965.0
2024-12-01,Drug or alcohol issues,SA,481.0
2024-12-01,Financial assistance for accommodation,SA,68.0
2024-12-01,Nights in emergency accommodation,SA,6563.0
2024-12-01,Emergency accommodation,SA,363.0
2024-12-01,Homeless,SA,3044.0
2024-12-01,At risk of homelessness,SA,3154.0
2024-11-01,Indigenous,SA,1872.0
2024-11-01,FDV,SA,1575.0
2024-11-01,Mental health,SA,1919.0
2024-11-01,Drug or alcohol issues,SA,467.0
2024-11-01,Financial assistance for accommodation,SA,73.0
2024-11-01,Nights in emergency accommodation,SA,6113.0
2024-11-01,Emergency accommodation,SA,379.0
2024-11-01,Homeless,SA,3085.0
2024-11-01,At risk of homelessness,SA,3363.0
2024-10-01,Indigenous,SA,1845.0
2024-10-01,FDV,SA,1646.0
2024-10-01,Mental health,SA,1920.0
2024-10-01,Drug or alcohol issues,SA,472.0
2024-10-01,Financial assistance for accommodation,SA,74.0
2024-10-01,Nights in emergency accommodation,SA,6754.0
2024-10-01,Emergency accommodation,SA,423.0
2024-10-01,Homeless,SA,3113.0
2024-10-01,At risk of homelessness,SA,3326.0
2024-09-01,Indigenous,SA,1824.0
2024-09-01,FDV,SA,1595.0
2024-09-01,Mental health,SA,1913.0
2024-09-01,Drug or alcohol issues,SA,463.0
2024-09-01,Financial assistance for accommodation,SA,79.0
2024-09-01,Nights in emergency accommodation,SA,6930.0
2024-09-01,Emergency accommodation,SA,401.0
2024-09-01,Homeless,SA,3173.0
2024-09-01,At risk of homelessness,SA,3238.0
2024-08-01,Indigenous,SA,1799.0
2024-08-01,FDV,SA,1539.0
2024-08-01,Mental health,SA,1863.0
2024-08-01,Drug or alcohol issues,SA,446.0
2024-08-01,Financial assistance for accommodation,SA,63.0
2024-08-01,Nights in emergency accommodation,SA,8042.0
2024-08-01,Emergency accommodation,SA,461.0
2024-08-01,Homeless,SA,3241.0
2024-08-01,At risk of homelessness,SA,3239.0
2024-07-01,Indigenous,SA,1814.0
2024-07-01,FDV,SA,1533.0
2024-07-01,Mental health,SA,1829.0
2024-07-01,Drug or alcohol issues,SA,440.0
2024-07-01,Financial assistance for accommodation,SA,54.0
2024-07-01,Nights in emergency accommodation,SA,8360.0
2024-07-01,Emergency accommodation,SA,461.0
2024-07-01,Homeless,SA,3145.0
2024-07-01,At risk of homelessness,SA,3279.0
2024-06-01,Indigenous,SA,1830.0
2024-06-01,FDV,SA,1524.0
2024-06-01,Mental health,SA,1799.0
2024-06-01,Drug or alcohol issues,SA,412.0
2024-06-01,Financial assistance for accommodation,SA,63.0
2024-06-01,Nights in emergency accommodation,SA,7377.0
2024-06-01,Emergency accommodation,SA,460.0
2024-06-01,Homeless,SA,3133.0
2024-06-01,At risk of homelessness,SA,3259.0
2024-05-01,Indigenous,SA,1900.0
2024-05-01,FDV,SA,1519.0
2024-05-01,Mental health,SA,1901.0
2024-05-01,Drug or alcohol issues,SA,447.0
2024-05-01,Financial assistance for accommodation,SA,107.0
2024-05-01,Nights in emergency accommodation,SA,7359.0
2024-05-01,Emergency accommodation,SA,453.0
2024-05-01,Homeless,SA,3273.0
2024-05-01,At risk of homelessness,SA,3421.0
2024-04-01,Indigenous,SA,1884.0
2024-04-01,FDV,SA,1403.0
2024-04-01,Mental health,SA,1891.0
2024-04-01,Drug or alcohol issues,SA,463.0
2024-04-01,Financial assistance for accommodation,SA,86.0
2024-04-01,Nights in emergency accommodation,SA,7430.0
2024-04-01,Emergency accommodation,SA,421.0
2024-04-01,Homeless,SA,3392.0
2024-04-01,At risk of homelessness,SA,3259.0
2024-03-01,Indigenous,SA,1860.0
2024-03-01,FDV,SA,1520.0
2024-03-01,Mental health,SA,1829.0
2024-03-01,Drug or alcohol issues,SA,448.0
2024-03-01,Financial assistance for accommodation,SA,65.0
2024-03-01,Nights in emergency accommodation,SA,8255.0
2024-03-01,Emergency accommodation,SA,465.0
2024-03-01,Homeless,SA,3360.0
2024-03-01,At risk of homelessness,SA,3233.0
2024-02-01,Indigenous,SA,1927.0
2024-02-01,FDV,SA,1608.0
2024-02-01,Mental health,SA,1843.0
2024-02-01,Drug or alcohol issues,SA,450.0
2024-02-01,Financial assistance for accommodation,SA,57.0
2024-02-01,Nights in emergency accommodation,SA,8045.0
2024-02-01,Emergency accommodation,SA,448.0
2024-02-01,Homeless,SA,3371.0
2024-02-01,At risk of homelessness,SA,3326.0
2024-01-01,Indigenous,SA,1878.0
2024-01-01,FDV,SA,1539.0
2024-01-01,Mental health,SA,1813.0
2024-01-01,Drug or alcohol issues,SA,444.0
2024-01-01,Financial assistance for accommodation,SA,84.0
2024-01-01,Nights in emergency accommodation,SA,8846.0
2024-01-01,Emergency accommodation,SA,484.0
2024-01-01,Homeless,SA,3097.0
2024-01-01,At risk of homelessness,SA,3211.0
2023-12-01,Indigenous,SA,1759.0
2023-12-01,FDV,SA,1496.0
2023-12-01,Mental health,SA,1741.0
2023-12-01,Drug or alcohol issues,SA,430.0
2023-12-01,Financial assistance for accommodation,SA,88.0
2023-12-01,Nights in emergency accommodation,SA,8630.0
2023-12-01,Emergency accommodation,SA,458.0
2023-12-01,Homeless,SA,3147.0
2023-12-01,At risk of homelessness,SA,3048.0
2023-11-01,Indigenous,SA,1894.0
2023-11-01,FDV,SA,1546.0
2023-11-01,Mental health,SA,1836.0
2023-11-01,Drug or alcohol issues,SA,446.0
2023-11-01,Financial assistance for accommodation,SA,70.0
2023-11-01,Nights in emergency accommodation,SA,8464.0
2023-11-01,Emergency accommodation,SA,471.0
2023-11-01,Homeless,SA,3372.0
2023-11-01,At risk of homelessness,SA,3344.0
2023-10-01,Indigenous,SA,1972.0
2023-10-01,FDV,SA,1525.0
2023-10-01,Mental health,SA,1812.0
2023-10-01,Drug or alcohol issues,SA,426.0
2023-10-01,Financial assistance for accommodation,SA,55.0
2023-10-01,Nights in emergency accommodation,SA,9103.0
2023-10-01,Emergency accommodation,SA,499.0
2023-10-01,Homeless,SA,3538.0
2023-10-01,At risk of homelessness,SA,3272.0
2023-09-01,Indigenous,SA,1912.0
2023-09-01,FDV,SA,1498.0
2023-09-01,Mental health,SA,1847.0
2023-09-01,Drug or alcohol issues,SA,435.0
2023-09-01,Financial assistance for accommodation,SA,59.0
2023-09-01,Nights in emergency accommodation,SA,8364.0
2023-09-01,Emergency accommodation,SA,469.0
2023-09-01,Homeless,SA,3491.0
2023-09-01,At risk of homelessness,SA,3153.0
2023-08-01,Indigenous,SA,1967.0
2023-08-01,FDV,SA,1597.0
2023-08-01,Mental health,SA,1919.0
2023-08-01,Drug or alcohol issues,SA,457.0
2023-08-01,Financial assistance for accommodation,SA,85.0
2023-08-01,Nights in emergency accommodation,SA,8834.0
2023-08-01,Emergency accommodation,SA,496.0
2023-08-01,Homeless,SA,3565.0
2023-08-01,At risk of homelessness,SA,3332.0
2023-07-01,Indigenous,SA,1907.0
2023-07-01,FDV,SA,1485.0
2023-07-01,Mental health,SA,1817.0
2023-07-01,Drug or alcohol issues,SA,455.0
2023-07-01,Financial assistance for accommodation,SA,61.0
2023-07-01,Nights in emergency accommodation,SA,8532.0
2023-07-01,Emergency accommodation,SA,489.0
2023-07-01,Homeless,SA,3408.0
2023-07-01,At risk of homelessness,SA,3327.0
2023-06-01,Indigenous,SA,1969.0
2023-06-01,FDV,SA,1551.0
2023-06-01,Mental health,SA,1940.0
2023-06-01,Drug or alcohol issues,SA,484.0
2023-06-01,Financial assistance for accommodation,SA,71.0
2023-06-01,Nights in emergency accommodation,SA,8788.0
2023-06-01,Emergency accommodation,SA,521.0
2023-06-01,Homeless,SA,3535.0
2023-06-01,At risk of homelessness,SA,3462.0
2023-05-01,Indigenous,SA,1926.0
2023-05-01,FDV,SA,1654.0
2023-05-01,Mental health,SA,1936.0
2023-05-01,Drug or alcohol issues,SA,458.0
2023-05-01,Financial assistance for accommodation,SA,87.0
2023-05-01,Nights in emergency accommodation,SA,9531.0
2023-05-01,Emergency accommodation,SA,554.0
2023-05-01,Homeless,SA,3492.0
2023-05-01,At risk of homelessness,SA,3555.0
2023-04-01,Indigenous,SA,1757.0
2023-04-01,FDV,SA,1525.0
2023-04-01,Mental health,SA,1774.0
2023-04-01,Drug or alcohol issues,SA,417.0
2023-04-01,Financial assistance for accommodation,SA,68.0
2023-04-01,Nights in emergency accommodation,SA,8733.0
2023-04-01,Emergency accommodation,SA,499.0
2023-04-01,Homeless,SA,3255.0
2023-04-01,At risk of homelessness,SA,3350.0
2023-03-01,Indigenous,SA,1786.0
2023-03-01,FDV,SA,1655.0
2023-03-01,Mental health,SA,1887.0
2023-03-01,Drug or alcohol issues,SA,446.0
2023-03-01,Financial assistance for accommodation,SA,89.0
2023-03-01,Nights in emergency accommodation,SA,8705.0
2023-03-01,Emergency accommodation,SA,565.0
2023-03-01,Homeless,SA,3298.0
2023-03-01,At risk of homelessness,SA,3645.0
2023-02-01,Indigenous,SA,1773.0
2023-02-01,FDV,SA,1663.0
2023-02-01,Mental health,SA,1881.0
2023-02-01,Drug or alcohol issues,SA,452.0
2023-02-01,Financial assistance for accommodation,SA,100.0
2023-02-01,Nights in emergency accommodation,SA,7211.0
2023-02-01,Emergency accommodation,SA,459.0
2023-02-01,Homeless,SA,3365.0
2023-02-01,At risk of homelessness,SA,3498.0
2023-01-01,Indigenous,SA,1755.0
2023-01-01,FDV,SA,1618.0
2023-01-01,Mental health,SA,1839.0
2023-01-01,Drug or alcohol issues,SA,451.0
2023-01-01,Financial assistance for accommodation,SA,82.0
2023-01-01,Nights in emergency accommodation,SA,7575.0
2023-01-01,Emergency accommodation,SA,430.0
2023-01-01,Homeless,SA,3230.0
2023-01-01,At risk of homelessness,SA,3454.0
2022-12-01,Indigenous,SA,1697.0
2022-12-01,FDV,SA,1521.0
2022-12-01,Mental health,SA,1791.0
2022-12-01,Drug or alcohol issues,SA,451.0
2022-12-01,Financial assistance for accommodation,SA,77.0
2022-12-01,Nights in emergency accommodation,SA,7376.0
2022-12-01,Emergency accommodation,SA,417.0
2022-12-01,Homeless,SA,3136.0
2022-12-01,At risk of homelessness,SA,3353.0
2022-11-01,Indigenous,SA,1707.0
2022-11-01,FDV,SA,1519.0
2022-11-01,Mental health,SA,1852.0
2022-11-01,Drug or alcohol issues,SA,473.0
2022-11-01,Financial assistance for accommodation,SA,69.0
2022-11-01,Nights in emergency accommodation,SA,8061.0
2022-11-01,Emergency accommodation,SA,419.0
2022-11-01,Homeless,SA,3124.0
2022-11-01,At risk of homelessness,SA,3437.0
2022-10-01,Indigenous,SA,1729.0
2022-10-01,FDV,SA,1552.0
2022-10-01,Mental health,SA,1857.0
2022-10-01,Drug or alcohol issues,SA,465.0
2022-10-01,Financial assistance for accommodation,SA,56.0
2022-10-01,Nights in emergency accommodation,SA,7615.0
2022-10-01,Emergency accommodation,SA,381.0
2022-10-01,Homeless,SA,3060.0
2022-10-01,At risk of homelessness,SA,3568.0
2022-09-01,Indigenous,SA,1727.0
2022-09-01,FDV,SA,1547.0
2022-09-01,Mental health,SA,1912.0
2022-09-01,Drug or alcohol issues,SA,497.0
2022-09-01,Financial assistance for accommodation,SA,69.0
2022-09-01,Nights in emergency accommodation,SA,7464.0
2022-09-01,Emergency accommodation,SA,412.0
2022-09-01,Homeless,SA,3181.0
2022-09-01,At risk of homelessness,SA,3590.0
2022-08-01,Indigenous,SA,1755.0
2022-08-01,FDV,SA,1413.0
2022-08-01,Mental health,SA,1916.0
2022-08-01,Drug or alcohol issues,SA,491.0
2022-08-01,Financial assistance for accommodation,SA,79.0
2022-08-01,Nights in emergency accommodation,SA,7653.0
2022-08-01,Emergency accommodation,SA,439.0
2022-08-01,Homeless,SA,3275.0
2022-08-01,At risk of homelessness,SA,3469.0
2022-07-01,Indigenous,SA,1714.0
2022-07-01,FDV,SA,1382.0
2022-07-01,Mental health,SA,1886.0
2022-07-01,Drug or alcohol issues,SA,467.0
2022-07-01,Financial assistance for accommodation,SA,62.0
2022-07-01,Nights in emergency accommodation,SA,7566.0
2022-07-01,Emergency accommodation,SA,415.0
2022-07-01,Homeless,SA,3153.0
2022-07-01,At risk of homelessness,SA,3486.0
2022-06-01,Indigenous,SA,1760.0
2022-06-01,FDV,SA,1438.0
2022-06-01,Mental health,SA,1948.0
2022-06-01,Drug or alcohol issues,SA,495.0
2022-06-01,Financial assistance for accommodation,SA,67.0
2022-06-01,Nights in emergency accommodation,SA,7323.0
2022-06-01,Emergency accommodation,SA,449.0
2022-06-01,Homeless,SA,3316.0
2022-06-01,At risk of homelessness,SA,3345.0
2022-05-01,Indigenous,SA,1717.0
2022-05-01,FDV,SA,1532.0
2022-05-01,Mental health,SA,1878.0
2022-05-01,Drug or alcohol issues,SA,473.0
2022-05-01,Financial assistance for accommodation,SA,73.0
2022-05-01,Nights in emergency accommodation,SA,7992.0
2022-05-01,Emergency accommodation,SA,436.0
2022-05-01,Homeless,SA,3109.0
2022-05-01,At risk of homelessness,SA,3326.0
2022-04-01,Indigenous,SA,1629.0
2022-04-01,FDV,SA,1425.0
2022-04-01,Mental health,SA,1667.0
2022-04-01,Drug or alcohol issues,SA,448.0
2022-04-01,Financial assistance for accommodation,SA,85.0
2022-04-01,Nights in emergency accommodation,SA,7532.0
2022-04-01,Emergency accommodation,SA,398.0
2022-04-01,Homeless,SA,2834.0
2022-04-01,At risk of homelessness,SA,3084.0
2022-03-01,Indigenous,SA,1806.0
2022-03-01,FDV,SA,1583.0
2022-03-01,Mental health,SA,1867.0
2022-03-01,Drug or alcohol issues,SA,479.0
2022-03-01,Financial assistance for accommodation,SA,81.0
2022-03-01,Nights in emergency accommodation,SA,8264.0
2022-03-01,Emergency accommodation,SA,460.0
2022-03-01,Homeless,SA,3099.0
2022-03-01,At risk of homelessness,SA,3436.0
2022-02-01,Indigenous,SA,1685.0
2022-02-01,FDV,SA,1518.0
2022-02-01,Mental health,SA,1836.0
2022-02-01,Drug or alcohol issues,SA,481.0
2022-02-01,Financial assistance for accommodation,SA,54.0
2022-02-01,Nights in emergency accommodation,SA,7269.0
2022-02-01,Emergency accommodation,SA,409.0
2022-02-01,Homeless,SA,2950.0
2022-02-01,At risk of homelessness,SA,3215.0
2022-01-01,Indigenous,SA,1669.0
2022-01-01,FDV,SA,1432.0
2022-01-01,Mental health,SA,1838.0
2022-01-01,Drug or alcohol issues,SA,494.0
2022-01-01,Financial assistance for accommodation,SA,91.0
2022-01-01,Nights in emergency accommodation,SA,7513.0
2022-01-01,Emergency accommodation,SA,408.0
2022-01-01,Homeless,SA,2927.0
2022-01-01,At risk of homelessness,SA,3120.0
2021-12-01,Indigenous,SA,1758.0
2021-12-01,FDV,SA,1396.0
2021-12-01,Mental health,SA,1850.0
2021-12-01,Drug or alcohol issues,SA,503.0
2021-12-01,Financial assistance for accommodation,SA,50.0
2021-12-01,Nights in emergency accommodation,SA,7595.0
2021-12-01,Emergency accommodation,SA,404.0
2021-12-01,Homeless,SA,2833.0
2021-12-01,At risk of homelessness,SA,3280.0
2021-11-01,Indigenous,SA,1840.0
2021-11-01,FDV,SA,1545.0
2021-11-01,Mental health,SA,1935.0
2021-11-01,Drug or alcohol issues,SA,520.0
2021-11-01,Financial assistance for accommodation,SA,60.0
2021-11-01,Nights in emergency accommodation,SA,7847.0
2021-11-01,Emergency accommodation,SA,475.0
2021-11-01,Homeless,SA,3116.0
2021-11-01,At risk of homelessness,SA,3471.0
2021-10-01,Indigenous,SA,1752.0
2021-10-01,FDV,SA,1528.0
2021-10-01,Mental health,SA,1807.0
2021-10-01,Drug or alcohol issues,SA,469.0
2021-10-01,Financial assistance for accommodation,SA,94.0
2021-10-01,Nights in emergency accommodation,SA,8598.0
2021-10-01,Emergency accommodation,SA,456.0
2021-10-01,Homeless,SA,3086.0
2021-10-01,At risk of homelessness,SA,3244.0
2021-09-01,Indigenous,SA,1788.0
2021-09-01,FDV,SA,1560.0
2021-09-01,Mental health,SA,1835.0
2021-09-01,Drug or alcohol issues,SA,510.0
2021-09-01,Financial assistance for accommodation,SA,69.0
2021-09-01,Nights in emergency accommodation,SA,9284.0
2021-09-01,Emergency accommodation,SA,508.0
2021-09-01,Homeless,SA,2901.0
2021-09-01,At risk of homelessness,SA,3272.0
2021-08-01,Indigenous,SA,1678.0
2021-08-01,FDV,SA,1519.0
2021-08-01,Mental health,SA,1721.0
2021-08-01,Drug or alcohol issues,SA,511.0
2021-08-01,Financial assistance for accommodation,SA,82.0
2021-08-01,Nights in emergency accommodation,SA,8634.0
2021-08-01,Emergency accommodation,SA,461.0
2021-08-01,Homeless,SA,2901.0
2021-08-01,At risk of homelessness,SA,3089.0
2021-07-01,Indigenous,SA,1519.0
2021-07-01,FDV,SA,1154.0
2021-07-01,Mental health,SA,1465.0
2021-07-01,Drug or alcohol issues,SA,474.0
2021-07-01,Financial assistance for accommodation,SA,97.0
2021-07-01,Nights in emergency accommodation,SA,6347.0
2021-07-01,Emergency accommodation,SA,408.0
2021-07-01,Homeless,SA,2816.0
2021-07-01,At risk of homelessness,SA,2290.0
2021-06-01,Indigenous,SA,1715.0
2021-06-01,FDV,SA,1727.0
2021-06-01,Mental health,SA,1829.0
2021-06-01,Drug or alcohol issues,SA,534.0
2021-06-01,Financial assistance for accommodation,SA,70.0
2021-06-01,Nights in emergency accommodation,SA,9367.0
2021-06-01,Emergency accommodation,SA,539.0
2021-06-01,Homeless,SA,2538.0
2021-06-01,At risk of homelessness,SA,3545.0
2021-05-01,Indigenous,SA,1777.0
2021-05-01,FDV,SA,1756.0
2021-05-01,Mental health,SA,1843.0
2021-05-01,Drug or alcohol issues,SA,545.0
2021-05-01,Financial assistance for accommodation,SA,68.0
2021-05-01,Nights in emergency accommodation,SA,10451.0
2021-05-01,Emergency accommodation,SA,576.0
2021-05-01,Homeless,SA,2584.0
2021-05-01,At risk of homelessness,SA,3713.0
2021-04-01,Indigenous,SA,1753.0
2021-04-01,FDV,SA,1716.0
2021-04-01,Mental health,SA,1813.0
2021-04-01,Drug or alcohol issues,SA,548.0
2021-04-01,Financial assistance for accommodation,SA,77.0
2021-04-01,Nights in emergency accommodation,SA,9329.0
2021-04-01,Emergency accommodation,SA,535.0
2021-04-01,Homeless,SA,2597.0
2021-04-01,At risk of homelessness,SA,3533.0
2021-03-01,Indigenous,SA,1880.0
2021-03-01,FDV,SA,1855.0
2021-03-01,Mental health,SA,1906.0
2021-03-01,Drug or alcohol issues,SA,596.0
2021-03-01,Financial assistance for accommodation,SA,85.0
2021-03-01,Nights in emergency accommodation,SA,9016.0
2021-03-01,Emergency accommodation,SA,527.0
2021-03-01,Homeless,SA,2741.0
2021-03-01,At risk of homelessness,SA,3768.0
2021-02-01,Indigenous,SA,1781.0
2021-02-01,FDV,SA,1684.0
2021-02-01,Mental health,SA,1824.0
2021-02-01,Drug or alcohol issues,SA,587.0
2021-02-01,Financial assistance for accommodation,SA,73.0
2021-02-01,Nights in emergency accommodation,SA,8004.0
2021-02-01,Emergency accommodation,SA,499.0
2021-02-01,Homeless,SA,2570.0
2021-02-01,At risk of homelessness,SA,3562.0
2021-01-01,Indigenous,SA,1676.0
2021-01-01,FDV,SA,1574.0
2021-01-01,Mental health,SA,1683.0
2021-01-01,Drug or alcohol issues,SA,590.0
2021-01-01,Financial assistance for accommodation,SA,78.0
2021-01-01,Nights in emergency accommodation,SA,9030.0
2021-01-01,Emergency accommodation,SA,488.0
2021-01-01,Homeless,SA,2446.0
2021-01-01,At risk of homelessness,SA,3329.0
2020-12-01,Indigenous,SA,1795.0
2020-12-01,FDV,SA,1696.0
2020-12-01,Mental health,SA,1784.0
2020-12-01,Drug or alcohol issues,SA,596.0
2020-12-01,Financial assistance for accommodation,SA,85.0
2020-12-01,Nights in emergency accommodation,SA,9487.0
2020-12-01,Emergency accommodation,SA,522.0
2020-12-01,Homeless,SA,2536.0
2020-12-01,At risk of homelessness,SA,3487.0
2020-11-01,Indigenous,SA,1823.0
2020-11-01,FDV,SA,1749.0
2020-11-01,Mental health,SA,1840.0
2020-11-01,Drug or alcohol issues,SA,621.0
2020-11-01,Financial assistance for accommodation,SA,75.0
2020-11-01,Nights in emergency accommodation,SA,9791.0
2020-11-01,Emergency accommodation,SA,561.0
2020-11-01,Homeless,SA,2635.0
2020-11-01,At risk of homelessness,SA,3518.0
2020-10-01,Indigenous,SA,1843.0
2020-10-01,FDV,SA,1781.0
2020-10-01,Mental health,SA,1877.0
2020-10-01,Drug or alcohol issues,SA,658.0
2020-10-01,Financial assistance for accommodation,SA,93.0
2020-10-01,Nights in emergency accommodation,SA,9733.0
2020-10-01,Emergency accommodation,SA,553.0
2020-10-01,Homeless,SA,2710.0
2020-10-01,At risk of homelessness,SA,3494.0
2020-09-01,Indigenous,SA,1876.0
2020-09-01,FDV,SA,1812.0
2020-09-01,Mental health,SA,1895.0
2020-09-01,Drug or alcohol issues,SA,667.0
2020-09-01,Financial assistance for accommodation,SA,71.0
2020-09-01,Nights in emergency accommodation,SA,9451.0
2020-09-01,Emergency accommodation,SA,587.0
2020-09-01,Homeless,SA,2790.0
2020-09-01,At risk of homelessness,SA,3616.0
2020-08-01,Indigenous,SA,1842.0
2020-08-01,FDV,SA,1780.0
2020-08-01,Mental health,SA,1894.0
2020-08-01,Drug or alcohol issues,SA,659.0
2020-08-01,Financial assistance for accommodation,SA,68.0
2020-08-01,Nights in emergency accommodation,SA,10127.0
2020-08-01,Emergency accommodation,SA,560.0
2020-08-01,Homeless,SA,2664.0
2020-08-01,At risk of homelessness,SA,3557.0
2020-07-01,Indigenous,SA,1868.0
2020-07-01,FDV,SA,1810.0
2020-07-01,Mental health,SA,1920.0
2020-07-01,Drug or alcohol issues,SA,648.0
2020-07-01,Financial assistance for accommodation,SA,82.0
2020-07-01,Nights in emergency accommodation,SA,10073.0
2020-07-01,Emergency accommodation,SA,582.0
2020-07-01,Homeless,SA,2741.0
2020-07-01,At risk of homelessness,SA,3618.0
2020-06-01,Indigenous,SA,1828.0
2020-06-01,FDV,SA,1801.0
2020-06-01,Mental health,SA,1933.0
2020-06-01,Drug or alcohol issues,SA,649.0
2020-06-01,Financial assistance for accommodation,SA,89.0
2020-06-01,Nights in emergency accommodation,SA,9560.0
2020-06-01,Emergency accommodation,SA,542.0
2020-06-01,Homeless,SA,2882.0
2020-06-01,At risk of homelessness,SA,3513.0
2020-05-01,Indigenous,SA,1751.0
2020-05-01,FDV,SA,1776.0
2020-05-01,Mental health,SA,1849.0
2020-05-01,Drug or alcohol issues,SA,630.0
2020-05-01,Financial assistance for accommodation,SA,85.0
2020-05-01,Nights in emergency accommodation,SA,8551.0
2020-05-01,Emergency accommodation,SA,531.0
2020-05-01,Homeless,SA,2823.0
2020-05-01,At risk of homelessness,SA,3330.0
2020-04-01,Indigenous,SA,1653.0
2020-04-01,FDV,SA,1747.0
2020-04-01,Mental health,SA,1837.0
2020-04-01,Drug or alcohol issues,SA,581.0
2020-04-01,Financial assistance for accommodation,SA,54.0
2020-04-01,Nights in emergency accommodation,SA,7642.0
2020-04-01,Emergency accommodation,SA,468.0
2020-04-01,Homeless,SA,2633.0
2020-04-01,At risk of homelessness,SA,3410.0
2020-03-01,Indigenous,SA,1675.0
2020-03-01,FDV,SA,1763.0
2020-03-01,Mental health,SA,1858.0
2020-03-01,Drug or alcohol issues,SA,580.0
2020-03-01,Financial assistance for accommodation,SA,89.0
2020-03-01,Nights in emergency accommodation,SA,7666.0
2020-03-01,Emergency accommodation,SA,425.0
2020-03-01,Homeless,SA,2634.0
2020-03-01,At risk of homelessness,SA,3579.0
2020-02-01,Indigenous,SA,1582.0
2020-02-01,FDV,SA,1794.0
2020-02-01,Mental health,SA,1763.0
2020-02-01,Drug or alcohol issues,SA,553.0
2020-02-01,Financial assistance for accommodation,SA,77.0
2020-02-01,Nights in emergency accommodation,SA,7852.0
2020-02-01,Emergency accommodation,SA,493.0
2020-02-01,Homeless,SA,2557.0
2020-02-01,At risk of homelessness,SA,3291.0
2020-01-01,Indigenous,SA,1638.0
2020-01-01,FDV,SA,1732.0
2020-01-01,Mental health,SA,1721.0
2020-01-01,Drug or alcohol issues,SA,537.0
2020-01-01,Financial assistance for accommodation,SA,78.0
2020-01-01,Nights in emergency accommodation,SA,8867.0
2020-01-01,Emergency accommodation,SA,520.0
2020-01-01,Homeless,SA,2499.0
2020-01-01,At risk of homelessness,SA,3281.0
2019-12-01,Indigenous,SA,1579.0
2019-12-01,FDV,SA,1741.0
2019-12-01,Mental health,SA,1639.0
2019-12-01,Drug or alcohol issues,SA,512.0
2019-12-01,Financial assistance for accommodation,SA,59.0
2019-12-01,Nights in emergency accommodation,SA,8980.0
2019-12-01,Emergency accommodation,SA,526.0
2019-12-01,Homeless,SA,2525.0
2019-12-01,At risk of homelessness,SA,3266.0
2019-11-01,Indigenous,SA,1550.0
2019-11-01,FDV,SA,1790.0
2019-11-01,Mental health,SA,1707.0
2019-11-01,Drug or alcohol issues,SA,493.0
2019-11-01,Financial assistance for accommodation,SA,61.0
2019-11-01,Nights in emergency accommodation,SA,8709.0
2019-11-01,Emergency accommodation,SA,543.0
2019-11-01,Homeless,SA,2589.0
2019-11-01,At risk of homelessness,SA,3215.0
2019-10-01,Indigenous,SA,1640.0
2019-10-01,FDV,SA,1818.0
2019-10-01,Mental health,SA,1745.0
2019-10-01,Drug or alcohol issues,SA,497.0
2019-10-01,Financial assistance for accommodation,SA,71.0
2019-10-01,Nights in emergency accommodation,SA,8654.0
2019-10-01,Emergency accommodation,SA,533.0
2019-10-01,Homeless,SA,2627.0
2019-10-01,At risk of homelessness,SA,3359.0
2019-09-01,Indigenous,SA,1646.0
2019-09-01,FDV,SA,1785.0
2019-09-01,Mental health,SA,1753.0
2019-09-01,Drug or alcohol issues,SA,520.0
2019-09-01,Financial assistance for accommodation,SA,71.0
2019-09-01,Nights in emergency accommodation,SA,7558.0
2019-09-01,Emergency accommodation,SA,479.0
2019-09-01,Homeless,SA,2655.0
2019-09-01,At risk of homelessness,SA,3387.0
2019-08-01,Indigenous,SA,1557.0
2019-08-01,FDV,SA,1789.0
2019-08-01,Mental health,SA,1691.0
2019-08-01,Drug or alcohol issues,SA,514.0
2019-08-01,Financial assistance for accommodation,SA,64.0
2019-08-01,Nights in emergency accommodation,SA,7903.0
2019-08-01,Emergency accommodation,SA,514.0
2019-08-01,Homeless,SA,2543.0
2019-08-01,At risk of homelessness,SA,3399.0
2019-07-01,Indigenous,SA,1522.0
2019-07-01,FDV,SA,1846.0
2019-07-01,Mental health,SA,1683.0
2019-07-01,Drug or alcohol issues,SA,512.0
2019-07-01,Financial assistance for accommodation,SA,50.0
2019-07-01,Nights in emergency accommodation,SA,8275.0
2019-07-01,Emergency accommodation,SA,504.0
2019-07-01,Homeless,SA,2539.0
2019-07-01,At risk of homelessness,SA,3436.0
2019-06-01,Indigenous,SA,1471.0
2019-06-01,FDV,SA,1804.0
2019-06-01,Mental health,SA,1580.0
2019-06-01,Drug or alcohol issues,SA,480.0
2019-06-01,Financial assistance for accommodation,SA,62.0
2019-06-01,Nights in emergency accommodation,SA,8457.0
2019-06-01,Emergency accommodation,SA,518.0
2019-06-01,Homeless,SA,2504.0
2019-06-01,At risk of homelessness,SA,3305.0
2019-05-01,Indigenous,SA,1636.0
2019-05-01,FDV,SA,1971.0
2019-05-01,Mental health,SA,1747.0
2019-05-01,Drug or alcohol issues,SA,512.0
2019-05-01,Financial assistance for accommodation,SA,61.0
2019-05-01,Nights in emergency accommodation,SA,9888.0
2019-05-01,Emergency accommodation,SA,555.0
2019-05-01,Homeless,SA,2655.0
2019-05-01,At risk of homelessness,SA,3568.0
2019-04-01,Indigenous,SA,1557.0
2019-04-01,FDV,SA,1847.0
2019-04-01,Mental health,SA,1633.0
2019-04-01,Drug or alcohol issues,SA,480.0
2019-04-01,Financial assistance for accommodation,SA,62.0
2019-04-01,Nights in emergency accommodation,SA,9591.0
2019-04-01,Emergency accommodation,SA,543.0
2019-04-01,Homeless,SA,2555.0
2019-04-01,At risk of homelessness,SA,3376.0
2019-03-01,Indigenous,SA,1661.0
2019-03-01,FDV,SA,2013.0
2019-03-01,Mental health,SA,1755.0
2019-03-01,Drug or alcohol issues,SA,517.0
2019-03-01,Financial assistance for accommodation,SA,73.0
2019-03-01,Nights in emergency accommodation,SA,11419.0
2019-03-01,Emergency accommodation,SA,661.0
2019-03-01,Homeless,SA,2717.0
2019-03-01,At risk of homelessness,SA,3528.0
2019-02-01,Indigenous,SA,1649.0
2019-02-01,FDV,SA,1883.0
2019-02-01,Mental health,SA,1723.0
2019-02-01,Drug or alcohol issues,SA,531.0
2019-02-01,Financial assistance for accommodation,SA,78.0
2019-02-01,Nights in emergency accommodation,SA,11582.0
2019-02-01,Emergency accommodation,SA,615.0
2019-02-01,Homeless,SA,2775.0
2019-02-01,At risk of homelessness,SA,3351.0
2019-01-01,Indigenous,SA,1634.0
2019-01-01,FDV,SA,1851.0
2019-01-01,Mental health,SA,1739.0
2019-01-01,Drug or alcohol issues,SA,549.0
2019-01-01,Financial assistance for accommodation,SA,101.0
2019-01-01,Nights in emergency accommodation,SA,12393.0
2019-01-01,Emergency accommodation,SA,650.0
2019-01-01,Homeless,SA,2724.0
2019-01-01,At risk of homelessness,SA,3337.0
2018-12-01,Indigenous,SA,1493.0
2018-12-01,FDV,SA,1708.0
2018-12-01,Mental health,SA,1611.0
2018-12-01,Drug or alcohol issues,SA,484.0
2018-12-01,Financial assistance for accommodation,SA,80.0
2018-12-01,Nights in emergency accommodation,SA,12165.0
2018-12-01,Emergency accommodation,SA,588.0
2018-12-01,Homeless,SA,2594.0
2018-12-01,At risk of homelessness,SA,3091.0
2018-11-01,Indigenous,SA,1620.0
2018-11-01,FDV,SA,1986.0
2018-11-01,Mental health,SA,1742.0
2018-11-01,Drug or alcohol issues,SA,550.0
2018-11-01,Financial assistance for accommodation,SA,72.0
2018-11-01,Nights in emergency accommodation,SA,12333.0
2018-11-01,Emergency accommodation,SA,625.0
2018-11-01,Homeless,SA,2838.0
2018-11-01,At risk of homelessness,SA,3449.0
2018-10-01,Indigenous,SA,1582.0
2018-10-01,FDV,SA,2092.0
2018-10-01,Mental health,SA,1746.0
2018-10-01,Drug or alcohol issues,SA,533.0
2018-10-01,Financial assistance for accommodation,SA,73.0
2018-10-01,Nights in emergency accommodation,SA,13313.0
2018-10-01,Emergency accommodation,SA,643.0
2018-10-01,Homeless,SA,2759.0
2018-10-01,At risk of homelessness,SA,3413.0
2018-09-01,Indigenous,SA,1583.0
2018-09-01,FDV,SA,1956.0
2018-09-01,Mental health,SA,1705.0
2018-09-01,Drug or alcohol issues,SA,531.0
2018-09-01,Financial assistance for accommodation,SA,86.0
2018-09-01,Nights in emergency accommodation,SA,12383.0
2018-09-01,Emergency accommodation,SA,635.0
2018-09-01,Homeless,SA,2678.0
2018-09-01,At risk of homelessness,SA,3326.0
2018-08-01,Indigenous,SA,1567.0
2018-08-01,FDV,SA,1926.0
2018-08-01,Mental health,SA,1683.0
2018-08-01,Drug or alcohol issues,SA,565.0
2018-08-01,Financial assistance for accommodation,SA,75.0
2018-08-01,Nights in emergency accommodation,SA,12822.0
2018-08-01,Emergency accommodation,SA,635.0
2018-08-01,Homeless,SA,2699.0
2018-08-01,At risk of homelessness,SA,3263.0
2018-07-01,Indigenous,SA,1564.0
2018-07-01,FDV,SA,1944.0
2018-07-01,Mental health,SA,1644.0
2018-07-01,Drug or alcohol issues,SA,545.0
2018-07-01,Financial assistance for accommodation,SA,71.0
2018-07-01,Nights in emergency accommodation,SA,12783.0
2018-07-01,Emergency accommodation,SA,644.0
2018-07-01,Homeless,SA,2652.0
2018-07-01,At risk of homelessness,SA,3301.0
2018-06-01,Indigenous,SA,1564.0
2018-06-01,FDV,SA,1880.0
2018-06-01,Mental health,SA,1626.0
2018-06-01,Drug or alcohol issues,SA,518.0
2018-06-01,Financial assistance for accommodation,SA,64.0
2018-06-01,Nights in emergency accommodation,SA,12421.0
2018-06-01,Emergency accommodation,SA,617.0
2018-06-01,Homeless,SA,2647.0
2018-06-01,At risk of homelessness,SA,3393.0
2018-05-01,Indigenous,SA,1602.0
2018-05-01,FDV,SA,1994.0
2018-05-01,Mental health,SA,1675.0
2018-05-01,Drug or alcohol issues,SA,510.0
2018-05-01,Financial assistance for accommodation,SA,83.0
2018-05-01,Nights in emergency accommodation,SA,13375.0
2018-05-01,Emergency accommodation,SA,685.0
2018-05-01,Homeless,SA,2732.0
2018-05-01,At risk of homelessness,SA,3599.0
2018-04-01,Indigenous,SA,1596.0
2018-04-01,FDV,SA,1871.0
2018-04-01,Mental health,SA,1551.0
2018-04-01,Drug or alcohol issues,SA,483.0
2018-04-01,Financial assistance for accommodation,SA,79.0
2018-04-01,Nights in emergency accommodation,SA,13159.0
2018-04-01,Emergency accommodation,SA,636.0
2018-04-01,Homeless,SA,2666.0
2018-04-01,At risk of homelessness,SA,3408.0
2018-03-01,Indigenous,SA,1684.0
2018-03-01,FDV,SA,1950.0
2018-03-01,Mental health,SA,1614.0
2018-03-01,Drug or alcohol issues,SA,532.0
2018-03-01,Financial assistance for accommodation,SA,68.0
2018-03-01,Nights in emergency accommodation,SA,13004.0
2018-03-01,Emergency accommodation,SA,630.0
2018-03-01,Homeless,SA,2707.0
2018-03-01,At risk of homelessness,SA,3572.0
2018-02-01,Indigenous,SA,1606.0
2018-02-01,FDV,SA,1946.0
2018-02-01,Mental health,SA,1596.0
2018-02-01,Drug or alcohol issues,SA,491.0
2018-02-01,Financial assistance for accommodation,SA,104.0
2018-02-01,Nights in emergency accommodation,SA,10848.0
2018-02-01,Emergency accommodation,SA,649.0
2018-02-01,Homeless,SA,2694.0
2018-02-01,At risk of homelessness,SA,3466.0
2018-01-01,Indigenous,SA,1593.0
2018-01-01,FDV,SA,1978.0
2018-01-01,Mental health,SA,1616.0
2018-01-01,Drug or alcohol issues,SA,499.0
2018-01-01,Financial assistance for accommodation,SA,86.0
2018-01-01,Nights in emergency accommodation,SA,12610.0
2018-01-01,Emergency accommodation,SA,674.0
2018-01-01,Homeless,SA,2533.0
2018-01-01,At risk of homelessness,SA,3474.0
2017-12-01,Indigenous,SA,1460.0
2017-12-01,FDV,SA,1874.0
2017-12-01,Mental health,SA,1507.0
2017-12-01,Drug or alcohol issues,SA,484.0
2017-12-01,Financial assistance for accommodation,SA,94.0
2017-12-01,Nights in emergency accommodation,SA,13232.0
2017-12-01,Emergency accommodation,SA,627.0
2017-12-01,Homeless,SA,2456.0
2017-12-01,At risk of homelessness,SA,3193.0
2017-11-01,Indigenous,SA,1618.0
2017-11-01,FDV,SA,2036.0
2017-11-01,Mental health,SA,1601.0
2017-11-01,Drug or alcohol issues,SA,545.0
2017-11-01,Financial assistance for accommodation,SA,77.0
2017-11-01,Nights in emergency accommodation,SA,13354.0
2017-11-01,Emergency accommodation,SA,674.0
2017-11-01,Homeless,SA,2610.0
2017-11-01,At risk of homelessness,SA,3494.0
2017-10-01,Indigenous,SA,1613.0
2017-10-01,FDV,SA,2070.0
2017-10-01,Mental health,SA,1548.0
2017-10-01,Drug or alcohol issues,SA,531.0
2017-10-01,Financial assistance for accommodation,SA,84.0
2017-10-01,Nights in emergency accommodation,SA,12499.0
2017-10-01,Emergency accommodation,SA,677.0
2017-10-01,Homeless,SA,2624.0
2017-10-01,At risk of homelessness,SA,3355.0
2017-09-01,Indigenous,SA,1588.0
2017-09-01,FDV,SA,1992.0
2017-09-01,Mental health,SA,1512.0
2017-09-01,Drug or alcohol issues,SA,529.0
2017-09-01,Financial assistance for accommodation,SA,74.0
2017-09-01,Nights in emergency accommodation,SA,12405.0
2017-09-01,Emergency accommodation,SA,623.0
2017-09-01,Homeless,SA,2628.0
2017-09-01,At risk of homelessness,SA,3399.0
2017-08-01,Indigenous,SA,1573.0
2017-08-01,FDV,SA,1952.0
2017-08-01,Mental health,SA,1519.0
2017-08-01,Drug or alcohol issues,SA,553.0
2017-08-01,Financial assistance for accommodation,SA,71.0
2017-08-01,Nights in emergency accommodation,SA,13074.0
2017-08-01,Emergency accommodation,SA,667.0
2017-08-01,Homeless,SA,2624.0
2017-08-01,At risk of homelessness,SA,3405.0
2017-07-01,Indigenous,SA,1518.0
2017-07-01,FDV,SA,1921.0
2017-07-01,Mental health,SA,1466.0
2017-07-01,Drug or alcohol issues,SA,530.0
2017-07-01,Financial assistance for accommodation,SA,63.0
2017-07-01,Nights in emergency accommodation,SA,13852.0
2017-07-01,Emergency accommodation,SA,682.0
2017-07-01,Homeless,SA,2559.0
2017-07-01,At risk of homelessness,SA,3437.0
2026-03-01,Indigenous,Tas,503.0
2026-03-01,FDV,Tas,530.0
2026-03-01,Mental health,Tas,1057.0
2026-03-01,Drug or alcohol issues,Tas,260.0
2026-03-01,Financial assistance for accommodation,Tas,66.0
2026-03-01,Nights in emergency accommodation,Tas,13997.0
2026-03-01,Emergency accommodation,Tas,643.0
2026-03-01,Homeless,Tas,1586.0
2026-03-01,At risk of homelessness,Tas,1094.0
2026-02-01,Indigenous,Tas,455.0
2026-02-01,FDV,Tas,494.0
2026-02-01,Mental health,Tas,1037.0
2026-02-01,Drug or alcohol issues,Tas,253.0
2026-02-01,Financial assistance for accommodation,Tas,39.0
2026-02-01,Nights in emergency accommodation,Tas,12171.0
2026-02-01,Emergency accommodation,Tas,604.0
2026-02-01,Homeless,Tas,1498.0
2026-02-01,At risk of homelessness,Tas,1061.0
2026-01-01,Indigenous,Tas,439.0
2026-01-01,FDV,Tas,476.0
2026-01-01,Mental health,Tas,1020.0
2026-01-01,Drug or alcohol issues,Tas,256.0
2026-01-01,Financial assistance for accommodation,Tas,40.0
2026-01-01,Nights in emergency accommodation,Tas,13735.0
2026-01-01,Emergency accommodation,Tas,616.0
2026-01-01,Homeless,Tas,1478.0
2026-01-01,At risk of homelessness,Tas,1048.0
2025-12-01,Indigenous,Tas,447.0
2025-12-01,FDV,Tas,502.0
2025-12-01,Mental health,Tas,1010.0
2025-12-01,Drug or alcohol issues,Tas,254.0
2025-12-01,Financial assistance for accommodation,Tas,45.0
2025-12-01,Nights in emergency accommodation,Tas,13201.0
2025-12-01,Emergency accommodation,Tas,591.0
2025-12-01,Homeless,Tas,1457.0
2025-12-01,At risk of homelessness,Tas,1048.0
2025-11-01,Indigenous,Tas,452.0
2025-11-01,FDV,Tas,507.0
2025-11-01,Mental health,Tas,1001.0
2025-11-01,Drug or alcohol issues,Tas,275.0
2025-11-01,Financial assistance for accommodation,Tas,48.0
2025-11-01,Nights in emergency accommodation,Tas,13021.0
2025-11-01,Emergency accommodation,Tas,650.0
2025-11-01,Homeless,Tas,1471.0
2025-11-01,At risk of homelessness,Tas,1019.0
2025-10-01,Indigenous,Tas,457.0
2025-10-01,FDV,Tas,506.0
2025-10-01,Mental health,Tas,1038.0
2025-10-01,Drug or alcohol issues,Tas,280.0
2025-10-01,Financial assistance for accommodation,Tas,40.0
2025-10-01,Nights in emergency accommodation,Tas,13656.0
2025-10-01,Emergency accommodation,Tas,645.0
2025-10-01,Homeless,Tas,1480.0
2025-10-01,At risk of homelessness,Tas,1023.0
2025-09-01,Indigenous,Tas,454.0
2025-09-01,FDV,Tas,508.0
2025-09-01,Mental health,Tas,1026.0
2025-09-01,Drug or alcohol issues,Tas,283.0
2025-09-01,Financial assistance for accommodation,Tas,50.0
2025-09-01,Nights in emergency accommodation,Tas,12972.0
2025-09-01,Emergency accommodation,Tas,642.0
2025-09-01,Homeless,Tas,1514.0
2025-09-01,At risk of homelessness,Tas,1034.0
2025-08-01,Indigenous,Tas,429.0
2025-08-01,FDV,Tas,503.0
2025-08-01,Mental health,Tas,978.0
2025-08-01,Drug or alcohol issues,Tas,267.0
2025-08-01,Financial assistance for accommodation,Tas,52.0
2025-08-01,Nights in emergency accommodation,Tas,13167.0
2025-08-01,Emergency accommodation,Tas,645.0
2025-08-01,Homeless,Tas,1412.0
2025-08-01,At risk of homelessness,Tas,1032.0
2025-07-01,Indigenous,Tas,424.0
2025-07-01,FDV,Tas,517.0
2025-07-01,Mental health,Tas,1002.0
2025-07-01,Drug or alcohol issues,Tas,265.0
2025-07-01,Financial assistance for accommodation,Tas,52.0
2025-07-01,Nights in emergency accommodation,Tas,13207.0
2025-07-01,Emergency accommodation,Tas,636.0
2025-07-01,Homeless,Tas,1434.0
2025-07-01,At risk of homelessness,Tas,918.0
2025-06-01,Indigenous,Tas,438.0
2025-06-01,FDV,Tas,501.0
2025-06-01,Mental health,Tas,983.0
2025-06-01,Drug or alcohol issues,Tas,241.0
2025-06-01,Financial assistance for accommodation,Tas,56.0
2025-06-01,Nights in emergency accommodation,Tas,12910.0
2025-06-01,Emergency accommodation,Tas,641.0
2025-06-01,Homeless,Tas,1401.0
2025-06-01,At risk of homelessness,Tas,909.0
2025-05-01,Indigenous,Tas,412.0
2025-05-01,FDV,Tas,508.0
2025-05-01,Mental health,Tas,984.0
2025-05-01,Drug or alcohol issues,Tas,238.0
2025-05-01,Financial assistance for accommodation,Tas,52.0
2025-05-01,Nights in emergency accommodation,Tas,13322.0
2025-05-01,Emergency accommodation,Tas,634.0
2025-05-01,Homeless,Tas,1425.0
2025-05-01,At risk of homelessness,Tas,861.0
2025-04-01,Indigenous,Tas,385.0
2025-04-01,FDV,Tas,497.0
2025-04-01,Mental health,Tas,915.0
2025-04-01,Drug or alcohol issues,Tas,219.0
2025-04-01,Financial assistance for accommodation,Tas,65.0
2025-04-01,Nights in emergency accommodation,Tas,12491.0
2025-04-01,Emergency accommodation,Tas,624.0
2025-04-01,Homeless,Tas,1386.0
2025-04-01,At risk of homelessness,Tas,791.0
2025-03-01,Indigenous,Tas,407.0
2025-03-01,FDV,Tas,507.0
2025-03-01,Mental health,Tas,969.0
2025-03-01,Drug or alcohol issues,Tas,246.0
2025-03-01,Financial assistance for accommodation,Tas,66.0
2025-03-01,Nights in emergency accommodation,Tas,12303.0
2025-03-01,Emergency accommodation,Tas,625.0
2025-03-01,Homeless,Tas,1422.0
2025-03-01,At risk of homelessness,Tas,880.0
2025-02-01,Indigenous,Tas,442.0
2025-02-01,FDV,Tas,523.0
2025-02-01,Mental health,Tas,1012.0
2025-02-01,Drug or alcohol issues,Tas,230.0
2025-02-01,Financial assistance for accommodation,Tas,63.0
2025-02-01,Nights in emergency accommodation,Tas,11284.0
2025-02-01,Emergency accommodation,Tas,618.0
2025-02-01,Homeless,Tas,1451.0
2025-02-01,At risk of homelessness,Tas,943.0
2025-01-01,Indigenous,Tas,471.0
2025-01-01,FDV,Tas,532.0
2025-01-01,Mental health,Tas,1067.0
2025-01-01,Drug or alcohol issues,Tas,231.0
2025-01-01,Financial assistance for accommodation,Tas,66.0
2025-01-01,Nights in emergency accommodation,Tas,12280.0
2025-01-01,Emergency accommodation,Tas,636.0
2025-01-01,Homeless,Tas,1513.0
2025-01-01,At risk of homelessness,Tas,954.0
2024-12-01,Indigenous,Tas,454.0
2024-12-01,FDV,Tas,500.0
2024-12-01,Mental health,Tas,1027.0
2024-12-01,Drug or alcohol issues,Tas,236.0
2024-12-01,Financial assistance for accommodation,Tas,81.0
2024-12-01,Nights in emergency accommodation,Tas,11865.0
2024-12-01,Emergency accommodation,Tas,617.0
2024-12-01,Homeless,Tas,1441.0
2024-12-01,At risk of homelessness,Tas,940.0
2024-11-01,Indigenous,Tas,442.0
2024-11-01,FDV,Tas,479.0
2024-11-01,Mental health,Tas,987.0
2024-11-01,Drug or alcohol issues,Tas,236.0
2024-11-01,Financial assistance for accommodation,Tas,54.0
2024-11-01,Nights in emergency accommodation,Tas,12090.0
2024-11-01,Emergency accommodation,Tas,605.0
2024-11-01,Homeless,Tas,1434.0
2024-11-01,At risk of homelessness,Tas,873.0
2024-10-01,Indigenous,Tas,430.0
2024-10-01,FDV,Tas,493.0
2024-10-01,Mental health,Tas,969.0
2024-10-01,Drug or alcohol issues,Tas,235.0
2024-10-01,Financial assistance for accommodation,Tas,54.0
2024-10-01,Nights in emergency accommodation,Tas,11746.0
2024-10-01,Emergency accommodation,Tas,596.0
2024-10-01,Homeless,Tas,1408.0
2024-10-01,At risk of homelessness,Tas,883.0
2024-09-01,Indigenous,Tas,422.0
2024-09-01,FDV,Tas,479.0
2024-09-01,Mental health,Tas,965.0
2024-09-01,Drug or alcohol issues,Tas,223.0
2024-09-01,Financial assistance for accommodation,Tas,60.0
2024-09-01,Nights in emergency accommodation,Tas,11680.0
2024-09-01,Emergency accommodation,Tas,606.0
2024-09-01,Homeless,Tas,1404.0
2024-09-01,At risk of homelessness,Tas,874.0
2024-08-01,Indigenous,Tas,430.0
2024-08-01,FDV,Tas,488.0
2024-08-01,Mental health,Tas,992.0
2024-08-01,Drug or alcohol issues,Tas,230.0
2024-08-01,Financial assistance for accommodation,Tas,48.0
2024-08-01,Nights in emergency accommodation,Tas,12173.0
2024-08-01,Emergency accommodation,Tas,618.0
2024-08-01,Homeless,Tas,1450.0
2024-08-01,At risk of homelessness,Tas,864.0
2024-07-01,Indigenous,Tas,445.0
2024-07-01,FDV,Tas,545.0
2024-07-01,Mental health,Tas,1046.0
2024-07-01,Drug or alcohol issues,Tas,226.0
2024-07-01,Financial assistance for accommodation,Tas,55.0
2024-07-01,Nights in emergency accommodation,Tas,12265.0
2024-07-01,Emergency accommodation,Tas,637.0
2024-07-01,Homeless,Tas,1504.0
2024-07-01,At risk of homelessness,Tas,911.0
2024-06-01,Indigenous,Tas,439.0
2024-06-01,FDV,Tas,557.0
2024-06-01,Mental health,Tas,1036.0
2024-06-01,Drug or alcohol issues,Tas,220.0
2024-06-01,Financial assistance for accommodation,Tas,44.0
2024-06-01,Nights in emergency accommodation,Tas,11690.0
2024-06-01,Emergency accommodation,Tas,609.0
2024-06-01,Homeless,Tas,1501.0
2024-06-01,At risk of homelessness,Tas,853.0
2024-05-01,Indigenous,Tas,486.0
2024-05-01,FDV,Tas,587.0
2024-05-01,Mental health,Tas,1146.0
2024-05-01,Drug or alcohol issues,Tas,257.0
2024-05-01,Financial assistance for accommodation,Tas,62.0
2024-05-01,Nights in emergency accommodation,Tas,12248.0
2024-05-01,Emergency accommodation,Tas,636.0
2024-05-01,Homeless,Tas,1627.0
2024-05-01,At risk of homelessness,Tas,949.0
2024-04-01,Indigenous,Tas,488.0
2024-04-01,FDV,Tas,563.0
2024-04-01,Mental health,Tas,1169.0
2024-04-01,Drug or alcohol issues,Tas,262.0
2024-04-01,Financial assistance for accommodation,Tas,55.0
2024-04-01,Nights in emergency accommodation,Tas,11112.0
2024-04-01,Emergency accommodation,Tas,596.0
2024-04-01,Homeless,Tas,1671.0
2024-04-01,At risk of homelessness,Tas,966.0
2024-03-01,Indigenous,Tas,492.0
2024-03-01,FDV,Tas,586.0
2024-03-01,Mental health,Tas,1174.0
2024-03-01,Drug or alcohol issues,Tas,258.0
2024-03-01,Financial assistance for accommodation,Tas,55.0
2024-03-01,Nights in emergency accommodation,Tas,11305.0
2024-03-01,Emergency accommodation,Tas,610.0
2024-03-01,Homeless,Tas,1682.0
2024-03-01,At risk of homelessness,Tas,988.0
2024-02-01,Indigenous,Tas,492.0
2024-02-01,FDV,Tas,561.0
2024-02-01,Mental health,Tas,1174.0
2024-02-01,Drug or alcohol issues,Tas,238.0
2024-02-01,Financial assistance for accommodation,Tas,51.0
2024-02-01,Nights in emergency accommodation,Tas,10637.0
2024-02-01,Emergency accommodation,Tas,601.0
2024-02-01,Homeless,Tas,1670.0
2024-02-01,At risk of homelessness,Tas,993.0
2024-01-01,Indigenous,Tas,478.0
2024-01-01,FDV,Tas,530.0
2024-01-01,Mental health,Tas,1133.0
2024-01-01,Drug or alcohol issues,Tas,221.0
2024-01-01,Financial assistance for accommodation,Tas,64.0
2024-01-01,Nights in emergency accommodation,Tas,11456.0
2024-01-01,Emergency accommodation,Tas,614.0
2024-01-01,Homeless,Tas,1634.0
2024-01-01,At risk of homelessness,Tas,927.0
2023-12-01,Indigenous,Tas,470.0
2023-12-01,FDV,Tas,525.0
2023-12-01,Mental health,Tas,1130.0
2023-12-01,Drug or alcohol issues,Tas,235.0
2023-12-01,Financial assistance for accommodation,Tas,60.0
2023-12-01,Nights in emergency accommodation,Tas,11324.0
2023-12-01,Emergency accommodation,Tas,611.0
2023-12-01,Homeless,Tas,1593.0
2023-12-01,At risk of homelessness,Tas,927.0
2023-11-01,Indigenous,Tas,497.0
2023-11-01,FDV,Tas,553.0
2023-11-01,Mental health,Tas,1197.0
2023-11-01,Drug or alcohol issues,Tas,240.0
2023-11-01,Financial assistance for accommodation,Tas,53.0
2023-11-01,Nights in emergency accommodation,Tas,10924.0
2023-11-01,Emergency accommodation,Tas,593.0
2023-11-01,Homeless,Tas,1639.0
2023-11-01,At risk of homelessness,Tas,940.0
2023-10-01,Indigenous,Tas,519.0
2023-10-01,FDV,Tas,579.0
2023-10-01,Mental health,Tas,1222.0
2023-10-01,Drug or alcohol issues,Tas,250.0
2023-10-01,Financial assistance for accommodation,Tas,63.0
2023-10-01,Nights in emergency accommodation,Tas,11534.0
2023-10-01,Emergency accommodation,Tas,629.0
2023-10-01,Homeless,Tas,1670.0
2023-10-01,At risk of homelessness,Tas,1014.0
2023-09-01,Indigenous,Tas,491.0
2023-09-01,FDV,Tas,562.0
2023-09-01,Mental health,Tas,1233.0
2023-09-01,Drug or alcohol issues,Tas,249.0
2023-09-01,Financial assistance for accommodation,Tas,62.0
2023-09-01,Nights in emergency accommodation,Tas,10826.0
2023-09-01,Emergency accommodation,Tas,599.0
2023-09-01,Homeless,Tas,1662.0
2023-09-01,At risk of homelessness,Tas,991.0
2023-08-01,Indigenous,Tas,475.0
2023-08-01,FDV,Tas,560.0
2023-08-01,Mental health,Tas,1241.0
2023-08-01,Drug or alcohol issues,Tas,233.0
2023-08-01,Financial assistance for accommodation,Tas,74.0
2023-08-01,Nights in emergency accommodation,Tas,10608.0
2023-08-01,Emergency accommodation,Tas,603.0
2023-08-01,Homeless,Tas,1693.0
2023-08-01,At risk of homelessness,Tas,971.0
2023-07-01,Indigenous,Tas,454.0
2023-07-01,FDV,Tas,533.0
2023-07-01,Mental health,Tas,1210.0
2023-07-01,Drug or alcohol issues,Tas,225.0
2023-07-01,Financial assistance for accommodation,Tas,62.0
2023-07-01,Nights in emergency accommodation,Tas,9681.0
2023-07-01,Emergency accommodation,Tas,571.0
2023-07-01,Homeless,Tas,1585.0
2023-07-01,At risk of homelessness,Tas,970.0
2023-06-01,Indigenous,Tas,420.0
2023-06-01,FDV,Tas,502.0
2023-06-01,Mental health,Tas,1159.0
2023-06-01,Drug or alcohol issues,Tas,226.0
2023-06-01,Financial assistance for accommodation,Tas,58.0
2023-06-01,Nights in emergency accommodation,Tas,9739.0
2023-06-01,Emergency accommodation,Tas,567.0
2023-06-01,Homeless,Tas,1583.0
2023-06-01,At risk of homelessness,Tas,930.0
2023-05-01,Indigenous,Tas,448.0
2023-05-01,FDV,Tas,522.0
2023-05-01,Mental health,Tas,1152.0
2023-05-01,Drug or alcohol issues,Tas,219.0
2023-05-01,Financial assistance for accommodation,Tas,71.0
2023-05-01,Nights in emergency accommodation,Tas,10750.0
2023-05-01,Emergency accommodation,Tas,578.0
2023-05-01,Homeless,Tas,1618.0
2023-05-01,At risk of homelessness,Tas,941.0
2023-04-01,Indigenous,Tas,450.0
2023-04-01,FDV,Tas,517.0
2023-04-01,Mental health,Tas,1114.0
2023-04-01,Drug or alcohol issues,Tas,222.0
2023-04-01,Financial assistance for accommodation,Tas,60.0
2023-04-01,Nights in emergency accommodation,Tas,10599.0
2023-04-01,Emergency accommodation,Tas,548.0
2023-04-01,Homeless,Tas,1545.0
2023-04-01,At risk of homelessness,Tas,959.0
2023-03-01,Indigenous,Tas,442.0
2023-03-01,FDV,Tas,568.0
2023-03-01,Mental health,Tas,1204.0
2023-03-01,Drug or alcohol issues,Tas,234.0
2023-03-01,Financial assistance for accommodation,Tas,67.0
2023-03-01,Nights in emergency accommodation,Tas,11404.0
2023-03-01,Emergency accommodation,Tas,589.0
2023-03-01,Homeless,Tas,1686.0
2023-03-01,At risk of homelessness,Tas,953.0
2023-02-01,Indigenous,Tas,419.0
2023-02-01,FDV,Tas,584.0
2023-02-01,Mental health,Tas,1170.0
2023-02-01,Drug or alcohol issues,Tas,231.0
2023-02-01,Financial assistance for accommodation,Tas,59.0
2023-02-01,Nights in emergency accommodation,Tas,9381.0
2023-02-01,Emergency accommodation,Tas,552.0
2023-02-01,Homeless,Tas,1614.0
2023-02-01,At risk of homelessness,Tas,932.0
2023-01-01,Indigenous,Tas,403.0
2023-01-01,FDV,Tas,563.0
2023-01-01,Mental health,Tas,1194.0
2023-01-01,Drug or alcohol issues,Tas,230.0
2023-01-01,Financial assistance for accommodation,Tas,65.0
2023-01-01,Nights in emergency accommodation,Tas,10381.0
2023-01-01,Emergency accommodation,Tas,560.0
2023-01-01,Homeless,Tas,1585.0
2023-01-01,At risk of homelessness,Tas,945.0
2022-12-01,Indigenous,Tas,409.0
2022-12-01,FDV,Tas,557.0
2022-12-01,Mental health,Tas,1236.0
2022-12-01,Drug or alcohol issues,Tas,235.0
2022-12-01,Financial assistance for accommodation,Tas,77.0
2022-12-01,Nights in emergency accommodation,Tas,10349.0
2022-12-01,Emergency accommodation,Tas,546.0
2022-12-01,Homeless,Tas,1606.0
2022-12-01,At risk of homelessness,Tas,1012.0
2022-11-01,Indigenous,Tas,450.0
2022-11-01,FDV,Tas,605.0
2022-11-01,Mental health,Tas,1318.0
2022-11-01,Drug or alcohol issues,Tas,262.0
2022-11-01,Financial assistance for accommodation,Tas,90.0
2022-11-01,Nights in emergency accommodation,Tas,10749.0
2022-11-01,Emergency accommodation,Tas,565.0
2022-11-01,Homeless,Tas,1733.0
2022-11-01,At risk of homelessness,Tas,1033.0
2022-10-01,Indigenous,Tas,454.0
2022-10-01,FDV,Tas,564.0
2022-10-01,Mental health,Tas,1295.0
2022-10-01,Drug or alcohol issues,Tas,265.0
2022-10-01,Financial assistance for accommodation,Tas,97.0
2022-10-01,Nights in emergency accommodation,Tas,11220.0
2022-10-01,Emergency accommodation,Tas,595.0
2022-10-01,Homeless,Tas,1756.0
2022-10-01,At risk of homelessness,Tas,1019.0
2022-09-01,Indigenous,Tas,450.0
2022-09-01,FDV,Tas,548.0
2022-09-01,Mental health,Tas,1326.0
2022-09-01,Drug or alcohol issues,Tas,266.0
2022-09-01,Financial assistance for accommodation,Tas,101.0
2022-09-01,Nights in emergency accommodation,Tas,10875.0
2022-09-01,Emergency accommodation,Tas,601.0
2022-09-01,Homeless,Tas,1820.0
2022-09-01,At risk of homelessness,Tas,955.0
2022-08-01,Indigenous,Tas,405.0
2022-08-01,FDV,Tas,568.0
2022-08-01,Mental health,Tas,1256.0
2022-08-01,Drug or alcohol issues,Tas,250.0
2022-08-01,Financial assistance for accommodation,Tas,97.0
2022-08-01,Nights in emergency accommodation,Tas,10821.0
2022-08-01,Emergency accommodation,Tas,606.0
2022-08-01,Homeless,Tas,1789.0
2022-08-01,At risk of homelessness,Tas,948.0
2022-07-01,Indigenous,Tas,410.0
2022-07-01,FDV,Tas,546.0
2022-07-01,Mental health,Tas,1217.0
2022-07-01,Drug or alcohol issues,Tas,249.0
2022-07-01,Financial assistance for accommodation,Tas,69.0
2022-07-01,Nights in emergency accommodation,Tas,11031.0
2022-07-01,Emergency accommodation,Tas,551.0
2022-07-01,Homeless,Tas,1745.0
2022-07-01,At risk of homelessness,Tas,917.0
2022-06-01,Indigenous,Tas,417.0
2022-06-01,FDV,Tas,544.0
2022-06-01,Mental health,Tas,1249.0
2022-06-01,Drug or alcohol issues,Tas,242.0
2022-06-01,Financial assistance for accommodation,Tas,68.0
2022-06-01,Nights in emergency accommodation,Tas,10152.0
2022-06-01,Emergency accommodation,Tas,556.0
2022-06-01,Homeless,Tas,1767.0
2022-06-01,At risk of homelessness,Tas,953.0
2022-05-01,Indigenous,Tas,449.0
2022-05-01,FDV,Tas,545.0
2022-05-01,Mental health,Tas,1305.0
2022-05-01,Drug or alcohol issues,Tas,245.0
2022-05-01,Financial assistance for accommodation,Tas,84.0
2022-05-01,Nights in emergency accommodation,Tas,10161.0
2022-05-01,Emergency accommodation,Tas,573.0
2022-05-01,Homeless,Tas,1803.0
2022-05-01,At risk of homelessness,Tas,994.0
2022-04-01,Indigenous,Tas,437.0
2022-04-01,FDV,Tas,554.0
2022-04-01,Mental health,Tas,1263.0
2022-04-01,Drug or alcohol issues,Tas,230.0
2022-04-01,Financial assistance for accommodation,Tas,95.0
2022-04-01,Nights in emergency accommodation,Tas,9607.0
2022-04-01,Emergency accommodation,Tas,519.0
2022-04-01,Homeless,Tas,1779.0
2022-04-01,At risk of homelessness,Tas,977.0
2022-03-01,Indigenous,Tas,437.0
2022-03-01,FDV,Tas,570.0
2022-03-01,Mental health,Tas,1350.0
2022-03-01,Drug or alcohol issues,Tas,249.0
2022-03-01,Financial assistance for accommodation,Tas,67.0
2022-03-01,Nights in emergency accommodation,Tas,9236.0
2022-03-01,Emergency accommodation,Tas,504.0
2022-03-01,Homeless,Tas,1815.0
2022-03-01,At risk of homelessness,Tas,1041.0
2022-02-01,Indigenous,Tas,425.0
2022-02-01,FDV,Tas,527.0
2022-02-01,Mental health,Tas,1287.0
2022-02-01,Drug or alcohol issues,Tas,227.0
2022-02-01,Financial assistance for accommodation,Tas,65.0
2022-02-01,Nights in emergency accommodation,Tas,8001.0
2022-02-01,Emergency accommodation,Tas,518.0
2022-02-01,Homeless,Tas,1723.0
2022-02-01,At risk of homelessness,Tas,1019.0
2022-01-01,Indigenous,Tas,408.0
2022-01-01,FDV,Tas,500.0
2022-01-01,Mental health,Tas,1260.0
2022-01-01,Drug or alcohol issues,Tas,221.0
2022-01-01,Financial assistance for accommodation,Tas,79.0
2022-01-01,Nights in emergency accommodation,Tas,9256.0
2022-01-01,Emergency accommodation,Tas,479.0
2022-01-01,Homeless,Tas,1668.0
2022-01-01,At risk of homelessness,Tas,974.0
2021-12-01,Indigenous,Tas,419.0
2021-12-01,FDV,Tas,499.0
2021-12-01,Mental health,Tas,1280.0
2021-12-01,Drug or alcohol issues,Tas,233.0
2021-12-01,Financial assistance for accommodation,Tas,88.0
2021-12-01,Nights in emergency accommodation,Tas,9096.0
2021-12-01,Emergency accommodation,Tas,499.0
2021-12-01,Homeless,Tas,1624.0
2021-12-01,At risk of homelessness,Tas,1024.0
2021-11-01,Indigenous,Tas,433.0
2021-11-01,FDV,Tas,520.0
2021-11-01,Mental health,Tas,1307.0
2021-11-01,Drug or alcohol issues,Tas,242.0
2021-11-01,Financial assistance for accommodation,Tas,93.0
2021-11-01,Nights in emergency accommodation,Tas,9382.0
2021-11-01,Emergency accommodation,Tas,536.0
2021-11-01,Homeless,Tas,1692.0
2021-11-01,At risk of homelessness,Tas,976.0
2021-10-01,Indigenous,Tas,420.0
2021-10-01,FDV,Tas,541.0
2021-10-01,Mental health,Tas,1294.0
2021-10-01,Drug or alcohol issues,Tas,228.0
2021-10-01,Financial assistance for accommodation,Tas,113.0
2021-10-01,Nights in emergency accommodation,Tas,9369.0
2021-10-01,Emergency accommodation,Tas,567.0
2021-10-01,Homeless,Tas,1688.0
2021-10-01,At risk of homelessness,Tas,984.0
2021-09-01,Indigenous,Tas,412.0
2021-09-01,FDV,Tas,554.0
2021-09-01,Mental health,Tas,1287.0
2021-09-01,Drug or alcohol issues,Tas,260.0
2021-09-01,Financial assistance for accommodation,Tas,86.0
2021-09-01,Nights in emergency accommodation,Tas,9475.0
2021-09-01,Emergency accommodation,Tas,524.0
2021-09-01,Homeless,Tas,1686.0
2021-09-01,At risk of homelessness,Tas,960.0
2021-08-01,Indigenous,Tas,428.0
2021-08-01,FDV,Tas,597.0
2021-08-01,Mental health,Tas,1315.0
2021-08-01,Drug or alcohol issues,Tas,257.0
2021-08-01,Financial assistance for accommodation,Tas,91.0
2021-08-01,Nights in emergency accommodation,Tas,9949.0
2021-08-01,Emergency accommodation,Tas,553.0
2021-08-01,Homeless,Tas,1730.0
2021-08-01,At risk of homelessness,Tas,938.0
2021-07-01,Indigenous,Tas,414.0
2021-07-01,FDV,Tas,578.0
2021-07-01,Mental health,Tas,1306.0
2021-07-01,Drug or alcohol issues,Tas,258.0
2021-07-01,Financial assistance for accommodation,Tas,101.0
2021-07-01,Nights in emergency accommodation,Tas,10424.0
2021-07-01,Emergency accommodation,Tas,557.0
2021-07-01,Homeless,Tas,1729.0
2021-07-01,At risk of homelessness,Tas,887.0
2021-06-01,Indigenous,Tas,410.0
2021-06-01,FDV,Tas,564.0
2021-06-01,Mental health,Tas,1298.0
2021-06-01,Drug or alcohol issues,Tas,244.0
2021-06-01,Financial assistance for accommodation,Tas,109.0
2021-06-01,Nights in emergency accommodation,Tas,9154.0
2021-06-01,Emergency accommodation,Tas,550.0
2021-06-01,Homeless,Tas,1704.0
2021-06-01,At risk of homelessness,Tas,897.0
2021-05-01,Indigenous,Tas,377.0
2021-05-01,FDV,Tas,558.0
2021-05-01,Mental health,Tas,1264.0
2021-05-01,Drug or alcohol issues,Tas,237.0
2021-05-01,Financial assistance for accommodation,Tas,124.0
2021-05-01,Nights in emergency accommodation,Tas,8506.0
2021-05-01,Emergency accommodation,Tas,477.0
2021-05-01,Homeless,Tas,1659.0
2021-05-01,At risk of homelessness,Tas,912.0
2021-04-01,Indigenous,Tas,372.0
2021-04-01,FDV,Tas,538.0
2021-04-01,Mental health,Tas,1232.0
2021-04-01,Drug or alcohol issues,Tas,218.0
2021-04-01,Financial assistance for accommodation,Tas,85.0
2021-04-01,Nights in emergency accommodation,Tas,7799.0
2021-04-01,Emergency accommodation,Tas,439.0
2021-04-01,Homeless,Tas,1602.0
2021-04-01,At risk of homelessness,Tas,861.0
2021-03-01,Indigenous,Tas,376.0
2021-03-01,FDV,Tas,598.0
2021-03-01,Mental health,Tas,1304.0
2021-03-01,Drug or alcohol issues,Tas,233.0
2021-03-01,Financial assistance for accommodation,Tas,123.0
2021-03-01,Nights in emergency accommodation,Tas,8985.0
2021-03-01,Emergency accommodation,Tas,522.0
2021-03-01,Homeless,Tas,1660.0
2021-03-01,At risk of homelessness,Tas,925.0
2021-02-01,Indigenous,Tas,377.0
2021-02-01,FDV,Tas,568.0
2021-02-01,Mental health,Tas,1264.0
2021-02-01,Drug or alcohol issues,Tas,225.0
2021-02-01,Financial assistance for accommodation,Tas,106.0
2021-02-01,Nights in emergency accommodation,Tas,8078.0
2021-02-01,Emergency accommodation,Tas,482.0
2021-02-01,Homeless,Tas,1628.0
2021-02-01,At risk of homelessness,Tas,908.0
2021-01-01,Indigenous,Tas,378.0
2021-01-01,FDV,Tas,557.0
2021-01-01,Mental health,Tas,1211.0
2021-01-01,Drug or alcohol issues,Tas,237.0
2021-01-01,Financial assistance for accommodation,Tas,90.0
2021-01-01,Nights in emergency accommodation,Tas,9179.0
2021-01-01,Emergency accommodation,Tas,483.0
2021-01-01,Homeless,Tas,1606.0
2021-01-01,At risk of homelessness,Tas,865.0
2020-12-01,Indigenous,Tas,358.0
2020-12-01,FDV,Tas,530.0
2020-12-01,Mental health,Tas,1211.0
2020-12-01,Drug or alcohol issues,Tas,239.0
2020-12-01,Financial assistance for accommodation,Tas,88.0
2020-12-01,Nights in emergency accommodation,Tas,8998.0
2020-12-01,Emergency accommodation,Tas,469.0
2020-12-01,Homeless,Tas,1600.0
2020-12-01,At risk of homelessness,Tas,860.0
2020-11-01,Indigenous,Tas,344.0
2020-11-01,FDV,Tas,542.0
2020-11-01,Mental health,Tas,1199.0
2020-11-01,Drug or alcohol issues,Tas,244.0
2020-11-01,Financial assistance for accommodation,Tas,96.0
2020-11-01,Nights in emergency accommodation,Tas,9085.0
2020-11-01,Emergency accommodation,Tas,493.0
2020-11-01,Homeless,Tas,1612.0
2020-11-01,At risk of homelessness,Tas,843.0
2020-10-01,Indigenous,Tas,329.0
2020-10-01,FDV,Tas,533.0
2020-10-01,Mental health,Tas,1153.0
2020-10-01,Drug or alcohol issues,Tas,246.0
2020-10-01,Financial assistance for accommodation,Tas,110.0
2020-10-01,Nights in emergency accommodation,Tas,9146.0
2020-10-01,Emergency accommodation,Tas,466.0
2020-10-01,Homeless,Tas,1576.0
2020-10-01,At risk of homelessness,Tas,781.0
2020-09-01,Indigenous,Tas,338.0
2020-09-01,FDV,Tas,525.0
2020-09-01,Mental health,Tas,1159.0
2020-09-01,Drug or alcohol issues,Tas,249.0
2020-09-01,Financial assistance for accommodation,Tas,106.0
2020-09-01,Nights in emergency accommodation,Tas,8901.0
2020-09-01,Emergency accommodation,Tas,482.0
2020-09-01,Homeless,Tas,1513.0
2020-09-01,At risk of homelessness,Tas,828.0
2020-08-01,Indigenous,Tas,351.0
2020-08-01,FDV,Tas,553.0
2020-08-01,Mental health,Tas,1117.0
2020-08-01,Drug or alcohol issues,Tas,239.0
2020-08-01,Financial assistance for accommodation,Tas,129.0
2020-08-01,Nights in emergency accommodation,Tas,9454.0
2020-08-01,Emergency accommodation,Tas,518.0
2020-08-01,Homeless,Tas,1508.0
2020-08-01,At risk of homelessness,Tas,788.0
2020-07-01,Indigenous,Tas,333.0
2020-07-01,FDV,Tas,530.0
2020-07-01,Mental health,Tas,1103.0
2020-07-01,Drug or alcohol issues,Tas,244.0
2020-07-01,Financial assistance for accommodation,Tas,133.0
2020-07-01,Nights in emergency accommodation,Tas,8214.0
2020-07-01,Emergency accommodation,Tas,470.0
2020-07-01,Homeless,Tas,1525.0
2020-07-01,At risk of homelessness,Tas,724.0
2020-06-01,Indigenous,Tas,332.0
2020-06-01,FDV,Tas,528.0
2020-06-01,Mental health,Tas,1111.0
2020-06-01,Drug or alcohol issues,Tas,260.0
2020-06-01,Financial assistance for accommodation,Tas,140.0
2020-06-01,Nights in emergency accommodation,Tas,7351.0
2020-06-01,Emergency accommodation,Tas,464.0
2020-06-01,Homeless,Tas,1495.0
2020-06-01,At risk of homelessness,Tas,751.0
2020-05-01,Indigenous,Tas,330.0
2020-05-01,FDV,Tas,500.0
2020-05-01,Mental health,Tas,1075.0
2020-05-01,Drug or alcohol issues,Tas,248.0
2020-05-01,Financial assistance for accommodation,Tas,135.0
2020-05-01,Nights in emergency accommodation,Tas,7477.0
2020-05-01,Emergency accommodation,Tas,439.0
2020-05-01,Homeless,Tas,1479.0
2020-05-01,At risk of homelessness,Tas,767.0
2020-04-01,Indigenous,Tas,334.0
2020-04-01,FDV,Tas,505.0
2020-04-01,Mental health,Tas,1079.0
2020-04-01,Drug or alcohol issues,Tas,255.0
2020-04-01,Financial assistance for accommodation,Tas,91.0
2020-04-01,Nights in emergency accommodation,Tas,7084.0
2020-04-01,Emergency accommodation,Tas,416.0
2020-04-01,Homeless,Tas,1498.0
2020-04-01,At risk of homelessness,Tas,746.0
2020-03-01,Indigenous,Tas,366.0
2020-03-01,FDV,Tas,503.0
2020-03-01,Mental health,Tas,1136.0
2020-03-01,Drug or alcohol issues,Tas,253.0
2020-03-01,Financial assistance for accommodation,Tas,98.0
2020-03-01,Nights in emergency accommodation,Tas,7715.0
2020-03-01,Emergency accommodation,Tas,447.0
2020-03-01,Homeless,Tas,1503.0
2020-03-01,At risk of homelessness,Tas,855.0
2020-02-01,Indigenous,Tas,371.0
2020-02-01,FDV,Tas,502.0
2020-02-01,Mental health,Tas,1155.0
2020-02-01,Drug or alcohol issues,Tas,253.0
2020-02-01,Financial assistance for accommodation,Tas,101.0
2020-02-01,Nights in emergency accommodation,Tas,7232.0
2020-02-01,Emergency accommodation,Tas,424.0
2020-02-01,Homeless,Tas,1473.0
2020-02-01,At risk of homelessness,Tas,865.0
2020-01-01,Indigenous,Tas,374.0
2020-01-01,FDV,Tas,536.0
2020-01-01,Mental health,Tas,1134.0
2020-01-01,Drug or alcohol issues,Tas,259.0
2020-01-01,Financial assistance for accommodation,Tas,92.0
2020-01-01,Nights in emergency accommodation,Tas,7534.0
2020-01-01,Emergency accommodation,Tas,441.0
2020-01-01,Homeless,Tas,1457.0
2020-01-01,At risk of homelessness,Tas,888.0
2019-12-01,Indigenous,Tas,348.0
2019-12-01,FDV,Tas,501.0
2019-12-01,Mental health,Tas,1119.0
2019-12-01,Drug or alcohol issues,Tas,276.0
2019-12-01,Financial assistance for accommodation,Tas,84.0
2019-12-01,Nights in emergency accommodation,Tas,7211.0
2019-12-01,Emergency accommodation,Tas,397.0
2019-12-01,Homeless,Tas,1433.0
2019-12-01,At risk of homelessness,Tas,845.0
2019-11-01,Indigenous,Tas,330.0
2019-11-01,FDV,Tas,499.0
2019-11-01,Mental health,Tas,1166.0
2019-11-01,Drug or alcohol issues,Tas,284.0
2019-11-01,Financial assistance for accommodation,Tas,88.0
2019-11-01,Nights in emergency accommodation,Tas,6743.0
2019-11-01,Emergency accommodation,Tas,398.0
2019-11-01,Homeless,Tas,1478.0
2019-11-01,At risk of homelessness,Tas,817.0
2019-10-01,Indigenous,Tas,328.0
2019-10-01,FDV,Tas,501.0
2019-10-01,Mental health,Tas,1212.0
2019-10-01,Drug or alcohol issues,Tas,280.0
2019-10-01,Financial assistance for accommodation,Tas,91.0
2019-10-01,Nights in emergency accommodation,Tas,6799.0
2019-10-01,Emergency accommodation,Tas,433.0
2019-10-01,Homeless,Tas,1495.0
2019-10-01,At risk of homelessness,Tas,823.0
2019-09-01,Indigenous,Tas,330.0
2019-09-01,FDV,Tas,509.0
2019-09-01,Mental health,Tas,1194.0
2019-09-01,Drug or alcohol issues,Tas,304.0
2019-09-01,Financial assistance for accommodation,Tas,122.0
2019-09-01,Nights in emergency accommodation,Tas,7011.0
2019-09-01,Emergency accommodation,Tas,459.0
2019-09-01,Homeless,Tas,1471.0
2019-09-01,At risk of homelessness,Tas,861.0
2019-08-01,Indigenous,Tas,329.0
2019-08-01,FDV,Tas,530.0
2019-08-01,Mental health,Tas,1180.0
2019-08-01,Drug or alcohol issues,Tas,297.0
2019-08-01,Financial assistance for accommodation,Tas,112.0
2019-08-01,Nights in emergency accommodation,Tas,7873.0
2019-08-01,Emergency accommodation,Tas,454.0
2019-08-01,Homeless,Tas,1502.0
2019-08-01,At risk of homelessness,Tas,899.0
2019-07-01,Indigenous,Tas,324.0
2019-07-01,FDV,Tas,531.0
2019-07-01,Mental health,Tas,1203.0
2019-07-01,Drug or alcohol issues,Tas,285.0
2019-07-01,Financial assistance for accommodation,Tas,118.0
2019-07-01,Nights in emergency accommodation,Tas,7833.0
2019-07-01,Emergency accommodation,Tas,469.0
2019-07-01,Homeless,Tas,1497.0
2019-07-01,At risk of homelessness,Tas,898.0
2019-06-01,Indigenous,Tas,330.0
2019-06-01,FDV,Tas,499.0
2019-06-01,Mental health,Tas,1143.0
2019-06-01,Drug or alcohol issues,Tas,272.0
2019-06-01,Financial assistance for accommodation,Tas,110.0
2019-06-01,Nights in emergency accommodation,Tas,7166.0
2019-06-01,Emergency accommodation,Tas,440.0
2019-06-01,Homeless,Tas,1448.0
2019-06-01,At risk of homelessness,Tas,889.0
2019-05-01,Indigenous,Tas,373.0
2019-05-01,FDV,Tas,517.0
2019-05-01,Mental health,Tas,1197.0
2019-05-01,Drug or alcohol issues,Tas,288.0
2019-05-01,Financial assistance for accommodation,Tas,115.0
2019-05-01,Nights in emergency accommodation,Tas,7895.0
2019-05-01,Emergency accommodation,Tas,458.0
2019-05-01,Homeless,Tas,1489.0
2019-05-01,At risk of homelessness,Tas,946.0
2019-04-01,Indigenous,Tas,348.0
2019-04-01,FDV,Tas,533.0
2019-04-01,Mental health,Tas,1127.0
2019-04-01,Drug or alcohol issues,Tas,270.0
2019-04-01,Financial assistance for accommodation,Tas,115.0
2019-04-01,Nights in emergency accommodation,Tas,7607.0
2019-04-01,Emergency accommodation,Tas,426.0
2019-04-01,Homeless,Tas,1448.0
2019-04-01,At risk of homelessness,Tas,909.0
2019-03-01,Indigenous,Tas,358.0
2019-03-01,FDV,Tas,537.0
2019-03-01,Mental health,Tas,1143.0
2019-03-01,Drug or alcohol issues,Tas,269.0
2019-03-01,Financial assistance for accommodation,Tas,124.0
2019-03-01,Nights in emergency accommodation,Tas,7994.0
2019-03-01,Emergency accommodation,Tas,485.0
2019-03-01,Homeless,Tas,1519.0
2019-03-01,At risk of homelessness,Tas,926.0
2019-02-01,Indigenous,Tas,345.0
2019-02-01,FDV,Tas,526.0
2019-02-01,Mental health,Tas,1105.0
2019-02-01,Drug or alcohol issues,Tas,250.0
2019-02-01,Financial assistance for accommodation,Tas,126.0
2019-02-01,Nights in emergency accommodation,Tas,7209.0
2019-02-01,Emergency accommodation,Tas,472.0
2019-02-01,Homeless,Tas,1466.0
2019-02-01,At risk of homelessness,Tas,925.0
2019-01-01,Indigenous,Tas,336.0
2019-01-01,FDV,Tas,489.0
2019-01-01,Mental health,Tas,1126.0
2019-01-01,Drug or alcohol issues,Tas,267.0
2019-01-01,Financial assistance for accommodation,Tas,106.0
2019-01-01,Nights in emergency accommodation,Tas,7683.0
2019-01-01,Emergency accommodation,Tas,461.0
2019-01-01,Homeless,Tas,1412.0
2019-01-01,At risk of homelessness,Tas,914.0
2018-12-01,Indigenous,Tas,322.0
2018-12-01,FDV,Tas,449.0
2018-12-01,Mental health,Tas,1017.0
2018-12-01,Drug or alcohol issues,Tas,253.0
2018-12-01,Financial assistance for accommodation,Tas,69.0
2018-12-01,Nights in emergency accommodation,Tas,7428.0
2018-12-01,Emergency accommodation,Tas,390.0
2018-12-01,Homeless,Tas,1299.0
2018-12-01,At risk of homelessness,Tas,851.0
2018-11-01,Indigenous,Tas,326.0
2018-11-01,FDV,Tas,504.0
2018-11-01,Mental health,Tas,1100.0
2018-11-01,Drug or alcohol issues,Tas,274.0
2018-11-01,Financial assistance for accommodation,Tas,94.0
2018-11-01,Nights in emergency accommodation,Tas,7623.0
2018-11-01,Emergency accommodation,Tas,473.0
2018-11-01,Homeless,Tas,1380.0
2018-11-01,At risk of homelessness,Tas,924.0
2018-10-01,Indigenous,Tas,318.0
2018-10-01,FDV,Tas,523.0
2018-10-01,Mental health,Tas,1052.0
2018-10-01,Drug or alcohol issues,Tas,272.0
2018-10-01,Financial assistance for accommodation,Tas,100.0
2018-10-01,Nights in emergency accommodation,Tas,8198.0
2018-10-01,Emergency accommodation,Tas,475.0
2018-10-01,Homeless,Tas,1312.0
2018-10-01,At risk of homelessness,Tas,938.0
2018-09-01,Indigenous,Tas,329.0
2018-09-01,FDV,Tas,478.0
2018-09-01,Mental health,Tas,1030.0
2018-09-01,Drug or alcohol issues,Tas,275.0
2018-09-01,Financial assistance for accommodation,Tas,94.0
2018-09-01,Nights in emergency accommodation,Tas,7356.0
2018-09-01,Emergency accommodation,Tas,416.0
2018-09-01,Homeless,Tas,1274.0
2018-09-01,At risk of homelessness,Tas,954.0
2018-08-01,Indigenous,Tas,322.0
2018-08-01,FDV,Tas,423.0
2018-08-01,Mental health,Tas,1050.0
2018-08-01,Drug or alcohol issues,Tas,280.0
2018-08-01,Financial assistance for accommodation,Tas,122.0
2018-08-01,Nights in emergency accommodation,Tas,7295.0
2018-08-01,Emergency accommodation,Tas,414.0
2018-08-01,Homeless,Tas,1260.0
2018-08-01,At risk of homelessness,Tas,898.0
2018-07-01,Indigenous,Tas,317.0
2018-07-01,FDV,Tas,396.0
2018-07-01,Mental health,Tas,997.0
2018-07-01,Drug or alcohol issues,Tas,271.0
2018-07-01,Financial assistance for accommodation,Tas,90.0
2018-07-01,Nights in emergency accommodation,Tas,6626.0
2018-07-01,Emergency accommodation,Tas,414.0
2018-07-01,Homeless,Tas,1205.0
2018-07-01,At risk of homelessness,Tas,883.0
2018-06-01,Indigenous,Tas,302.0
2018-06-01,FDV,Tas,408.0
2018-06-01,Mental health,Tas,986.0
2018-06-01,Drug or alcohol issues,Tas,252.0
2018-06-01,Financial assistance for accommodation,Tas,126.0
2018-06-01,Nights in emergency accommodation,Tas,6660.0
2018-06-01,Emergency accommodation,Tas,431.0
2018-06-01,Homeless,Tas,1235.0
2018-06-01,At risk of homelessness,Tas,856.0
2018-05-01,Indigenous,Tas,302.0
2018-05-01,FDV,Tas,443.0
2018-05-01,Mental health,Tas,1000.0
2018-05-01,Drug or alcohol issues,Tas,243.0
2018-05-01,Financial assistance for accommodation,Tas,106.0
2018-05-01,Nights in emergency accommodation,Tas,6789.0
2018-05-01,Emergency accommodation,Tas,438.0
2018-05-01,Homeless,Tas,1266.0
2018-05-01,At risk of homelessness,Tas,862.0
2018-04-01,Indigenous,Tas,303.0
2018-04-01,FDV,Tas,469.0
2018-04-01,Mental health,Tas,995.0
2018-04-01,Drug or alcohol issues,Tas,247.0
2018-04-01,Financial assistance for accommodation,Tas,84.0
2018-04-01,Nights in emergency accommodation,Tas,6549.0
2018-04-01,Emergency accommodation,Tas,401.0
2018-04-01,Homeless,Tas,1187.0
2018-04-01,At risk of homelessness,Tas,905.0
2018-03-01,Indigenous,Tas,298.0
2018-03-01,FDV,Tas,470.0
2018-03-01,Mental health,Tas,978.0
2018-03-01,Drug or alcohol issues,Tas,242.0
2018-03-01,Financial assistance for accommodation,Tas,91.0
2018-03-01,Nights in emergency accommodation,Tas,6346.0
2018-03-01,Emergency accommodation,Tas,416.0
2018-03-01,Homeless,Tas,1212.0
2018-03-01,At risk of homelessness,Tas,923.0
2018-02-01,Indigenous,Tas,304.0
2018-02-01,FDV,Tas,501.0
2018-02-01,Mental health,Tas,961.0
2018-02-01,Drug or alcohol issues,Tas,238.0
2018-02-01,Financial assistance for accommodation,Tas,80.0
2018-02-01,Nights in emergency accommodation,Tas,5793.0
2018-02-01,Emergency accommodation,Tas,398.0
2018-02-01,Homeless,Tas,1233.0
2018-02-01,At risk of homelessness,Tas,945.0
2018-01-01,Indigenous,Tas,310.0
2018-01-01,FDV,Tas,508.0
2018-01-01,Mental health,Tas,973.0
2018-01-01,Drug or alcohol issues,Tas,256.0
2018-01-01,Financial assistance for accommodation,Tas,86.0
2018-01-01,Nights in emergency accommodation,Tas,6447.0
2018-01-01,Emergency accommodation,Tas,406.0
2018-01-01,Homeless,Tas,1257.0
2018-01-01,At risk of homelessness,Tas,934.0
2017-12-01,Indigenous,Tas,294.0
2017-12-01,FDV,Tas,484.0
2017-12-01,Mental health,Tas,953.0
2017-12-01,Drug or alcohol issues,Tas,228.0
2017-12-01,Financial assistance for accommodation,Tas,63.0
2017-12-01,Nights in emergency accommodation,Tas,6825.0
2017-12-01,Emergency accommodation,Tas,404.0
2017-12-01,Homeless,Tas,1211.0
2017-12-01,At risk of homelessness,Tas,867.0
2017-11-01,Indigenous,Tas,292.0
2017-11-01,FDV,Tas,547.0
2017-11-01,Mental health,Tas,991.0
2017-11-01,Drug or alcohol issues,Tas,244.0
2017-11-01,Financial assistance for accommodation,Tas,82.0
2017-11-01,Nights in emergency accommodation,Tas,6472.0
2017-11-01,Emergency accommodation,Tas,439.0
2017-11-01,Homeless,Tas,1217.0
2017-11-01,At risk of homelessness,Tas,900.0
2017-10-01,Indigenous,Tas,305.0
2017-10-01,FDV,Tas,523.0
2017-10-01,Mental health,Tas,942.0
2017-10-01,Drug or alcohol issues,Tas,247.0
2017-10-01,Financial assistance for accommodation,Tas,87.0
2017-10-01,Nights in emergency accommodation,Tas,6198.0
2017-10-01,Emergency accommodation,Tas,408.0
2017-10-01,Homeless,Tas,1200.0
2017-10-01,At risk of homelessness,Tas,942.0
2017-09-01,Indigenous,Tas,289.0
2017-09-01,FDV,Tas,535.0
2017-09-01,Mental health,Tas,944.0
2017-09-01,Drug or alcohol issues,Tas,250.0
2017-09-01,Financial assistance for accommodation,Tas,78.0
2017-09-01,Nights in emergency accommodation,Tas,6244.0
2017-09-01,Emergency accommodation,Tas,364.0
2017-09-01,Homeless,Tas,1199.0
2017-09-01,At risk of homelessness,Tas,923.0
2017-08-01,Indigenous,Tas,290.0
2017-08-01,FDV,Tas,588.0
2017-08-01,Mental health,Tas,909.0
2017-08-01,Drug or alcohol issues,Tas,230.0
2017-08-01,Financial assistance for accommodation,Tas,88.0
2017-08-01,Nights in emergency accommodation,Tas,6207.0
2017-08-01,Emergency accommodation,Tas,418.0
2017-08-01,Homeless,Tas,1225.0
2017-08-01,At risk of homelessness,Tas,975.0
2017-07-01,Indigenous,Tas,296.0
2017-07-01,FDV,Tas,559.0
2017-07-01,Mental health,Tas,852.0
2017-07-01,Drug or alcohol issues,Tas,230.0
2017-07-01,Financial assistance for accommodation,Tas,83.0
2017-07-01,Nights in emergency accommodation,Tas,6508.0
2017-07-01,Emergency accommodation,Tas,412.0
2017-07-01,Homeless,Tas,1235.0
2017-07-01,At risk of homelessness,Tas,962.0
2026-03-01,Indigenous,ACT,359.0
2026-03-01,FDV,ACT,867.0
2026-03-01,Mental health,ACT,796.0
2026-03-01,Drug or alcohol issues,ACT,202.0
2026-03-01,Financial assistance for accommodation,ACT,18.0
2026-03-01,Nights in emergency accommodation,ACT,7781.0
2026-03-01,Emergency accommodation,ACT,299.0
2026-03-01,Homeless,ACT,1006.0
2026-03-01,At risk of homelessness,ACT,959.0
2026-02-01,Indigenous,ACT,360.0
2026-02-01,FDV,ACT,831.0
2026-02-01,Mental health,ACT,797.0
2026-02-01,Drug or alcohol issues,ACT,190.0
2026-02-01,Financial assistance for accommodation,ACT,18.0
2026-02-01,Nights in emergency accommodation,ACT,7077.0
2026-02-01,Emergency accommodation,ACT,308.0
2026-02-01,Homeless,ACT,1000.0
2026-02-01,At risk of homelessness,ACT,962.0
2026-01-01,Indigenous,ACT,359.0
2026-01-01,FDV,ACT,841.0
2026-01-01,Mental health,ACT,760.0
2026-01-01,Drug or alcohol issues,ACT,183.0
2026-01-01,Financial assistance for accommodation,ACT,17.0
2026-01-01,Nights in emergency accommodation,ACT,7836.0
2026-01-01,Emergency accommodation,ACT,289.0
2026-01-01,Homeless,ACT,1002.0
2026-01-01,At risk of homelessness,ACT,922.0
2025-12-01,Indigenous,ACT,362.0
2025-12-01,FDV,ACT,821.0
2025-12-01,Mental health,ACT,781.0
2025-12-01,Drug or alcohol issues,ACT,183.0
2025-12-01,Financial assistance for accommodation,ACT,11.0
2025-12-01,Nights in emergency accommodation,ACT,7281.0
2025-12-01,Emergency accommodation,ACT,275.0
2025-12-01,Homeless,ACT,944.0
2025-12-01,At risk of homelessness,ACT,1008.0
2025-11-01,Indigenous,ACT,357.0
2025-11-01,FDV,ACT,823.0
2025-11-01,Mental health,ACT,812.0
2025-11-01,Drug or alcohol issues,ACT,199.0
2025-11-01,Financial assistance for accommodation,ACT,12.0
2025-11-01,Nights in emergency accommodation,ACT,7266.0
2025-11-01,Emergency accommodation,ACT,277.0
2025-11-01,Homeless,ACT,1000.0
2025-11-01,At risk of homelessness,ACT,982.0
2025-10-01,Indigenous,ACT,358.0
2025-10-01,FDV,ACT,811.0
2025-10-01,Mental health,ACT,809.0
2025-10-01,Drug or alcohol issues,ACT,192.0
2025-10-01,Financial assistance for accommodation,ACT,19.0
2025-10-01,Nights in emergency accommodation,ACT,7452.0
2025-10-01,Emergency accommodation,ACT,315.0
2025-10-01,Homeless,ACT,963.0
2025-10-01,At risk of homelessness,ACT,988.0
2025-09-01,Indigenous,ACT,346.0
2025-09-01,FDV,ACT,817.0
2025-09-01,Mental health,ACT,769.0
2025-09-01,Drug or alcohol issues,ACT,185.0
2025-09-01,Financial assistance for accommodation,ACT,26.0
2025-09-01,Nights in emergency accommodation,ACT,7198.0
2025-09-01,Emergency accommodation,ACT,301.0
2025-09-01,Homeless,ACT,939.0
2025-09-01,At risk of homelessness,ACT,985.0
2025-08-01,Indigenous,ACT,363.0
2025-08-01,FDV,ACT,812.0
2025-08-01,Mental health,ACT,772.0
2025-08-01,Drug or alcohol issues,ACT,175.0
2025-08-01,Financial assistance for accommodation,ACT,28.0
2025-08-01,Nights in emergency accommodation,ACT,7629.0
2025-08-01,Emergency accommodation,ACT,293.0
2025-08-01,Homeless,ACT,924.0
2025-08-01,At risk of homelessness,ACT,996.0
2025-07-01,Indigenous,ACT,347.0
2025-07-01,FDV,ACT,835.0
2025-07-01,Mental health,ACT,800.0
2025-07-01,Drug or alcohol issues,ACT,177.0
2025-07-01,Financial assistance for accommodation,ACT,21.0
2025-07-01,Nights in emergency accommodation,ACT,7487.0
2025-07-01,Emergency accommodation,ACT,302.0
2025-07-01,Homeless,ACT,961.0
2025-07-01,At risk of homelessness,ACT,1018.0
2025-06-01,Indigenous,ACT,351.0
2025-06-01,FDV,ACT,837.0
2025-06-01,Mental health,ACT,781.0
2025-06-01,Drug or alcohol issues,ACT,167.0
2025-06-01,Financial assistance for accommodation,ACT,21.0
2025-06-01,Nights in emergency accommodation,ACT,7249.0
2025-06-01,Emergency accommodation,ACT,304.0
2025-06-01,Homeless,ACT,938.0
2025-06-01,At risk of homelessness,ACT,1023.0
2025-05-01,Indigenous,ACT,361.0
2025-05-01,FDV,ACT,855.0
2025-05-01,Mental health,ACT,800.0
2025-05-01,Drug or alcohol issues,ACT,187.0
2025-05-01,Financial assistance for accommodation,ACT,23.0
2025-05-01,Nights in emergency accommodation,ACT,7811.0
2025-05-01,Emergency accommodation,ACT,306.0
2025-05-01,Homeless,ACT,960.0
2025-05-01,At risk of homelessness,ACT,1000.0
2025-04-01,Indigenous,ACT,347.0
2025-04-01,FDV,ACT,811.0
2025-04-01,Mental health,ACT,824.0
2025-04-01,Drug or alcohol issues,ACT,194.0
2025-04-01,Financial assistance for accommodation,ACT,29.0
2025-04-01,Nights in emergency accommodation,ACT,7448.0
2025-04-01,Emergency accommodation,ACT,311.0
2025-04-01,Homeless,ACT,935.0
2025-04-01,At risk of homelessness,ACT,975.0
2025-03-01,Indigenous,ACT,319.0
2025-03-01,FDV,ACT,795.0
2025-03-01,Mental health,ACT,825.0
2025-03-01,Drug or alcohol issues,ACT,191.0
2025-03-01,Financial assistance for accommodation,ACT,27.0
2025-03-01,Nights in emergency accommodation,ACT,8057.0
2025-03-01,Emergency accommodation,ACT,298.0
2025-03-01,Homeless,ACT,954.0
2025-03-01,At risk of homelessness,ACT,965.0
2025-02-01,Indigenous,ACT,322.0
2025-02-01,FDV,ACT,781.0
2025-02-01,Mental health,ACT,809.0
2025-02-01,Drug or alcohol issues,ACT,193.0
2025-02-01,Financial assistance for accommodation,ACT,25.0
2025-02-01,Nights in emergency accommodation,ACT,7001.0
2025-02-01,Emergency accommodation,ACT,296.0
2025-02-01,Homeless,ACT,919.0
2025-02-01,At risk of homelessness,ACT,951.0
2025-01-01,Indigenous,ACT,366.0
2025-01-01,FDV,ACT,748.0
2025-01-01,Mental health,ACT,788.0
2025-01-01,Drug or alcohol issues,ACT,190.0
2025-01-01,Financial assistance for accommodation,ACT,22.0
2025-01-01,Nights in emergency accommodation,ACT,7845.0
2025-01-01,Emergency accommodation,ACT,320.0
2025-01-01,Homeless,ACT,911.0
2025-01-01,At risk of homelessness,ACT,932.0
2024-12-01,Indigenous,ACT,341.0
2024-12-01,FDV,ACT,733.0
2024-12-01,Mental health,ACT,746.0
2024-12-01,Drug or alcohol issues,ACT,185.0
2024-12-01,Financial assistance for accommodation,ACT,24.0
2024-12-01,Nights in emergency accommodation,ACT,8604.0
2024-12-01,Emergency accommodation,ACT,322.0
2024-12-01,Homeless,ACT,902.0
2024-12-01,At risk of homelessness,ACT,873.0
2024-11-01,Indigenous,ACT,350.0
2024-11-01,FDV,ACT,735.0
2024-11-01,Mental health,ACT,732.0
2024-11-01,Drug or alcohol issues,ACT,189.0
2024-11-01,Financial assistance for accommodation,ACT,22.0
2024-11-01,Nights in emergency accommodation,ACT,8485.0
2024-11-01,Emergency accommodation,ACT,328.0
2024-11-01,Homeless,ACT,855.0
2024-11-01,At risk of homelessness,ACT,922.0
2024-10-01,Indigenous,ACT,354.0
2024-10-01,FDV,ACT,749.0
2024-10-01,Mental health,ACT,729.0
2024-10-01,Drug or alcohol issues,ACT,198.0
2024-10-01,Financial assistance for accommodation,ACT,26.0
2024-10-01,Nights in emergency accommodation,ACT,8513.0
2024-10-01,Emergency accommodation,ACT,326.0
2024-10-01,Homeless,ACT,834.0
2024-10-01,At risk of homelessness,ACT,945.0
2024-09-01,Indigenous,ACT,364.0
2024-09-01,FDV,ACT,739.0
2024-09-01,Mental health,ACT,733.0
2024-09-01,Drug or alcohol issues,ACT,208.0
2024-09-01,Financial assistance for accommodation,ACT,18.0
2024-09-01,Nights in emergency accommodation,ACT,7992.0
2024-09-01,Emergency accommodation,ACT,329.0
2024-09-01,Homeless,ACT,818.0
2024-09-01,At risk of homelessness,ACT,963.0
2024-08-01,Indigenous,ACT,360.0
2024-08-01,FDV,ACT,736.0
2024-08-01,Mental health,ACT,751.0
2024-08-01,Drug or alcohol issues,ACT,195.0
2024-08-01,Financial assistance for accommodation,ACT,24.0
2024-08-01,Nights in emergency accommodation,ACT,8399.0
2024-08-01,Emergency accommodation,ACT,323.0
2024-08-01,Homeless,ACT,841.0
2024-08-01,At risk of homelessness,ACT,911.0
2024-07-01,Indigenous,ACT,378.0
2024-07-01,FDV,ACT,748.0
2024-07-01,Mental health,ACT,763.0
2024-07-01,Drug or alcohol issues,ACT,215.0
2024-07-01,Financial assistance for accommodation,ACT,15.0
2024-07-01,Nights in emergency accommodation,ACT,8635.0
2024-07-01,Emergency accommodation,ACT,346.0
2024-07-01,Homeless,ACT,910.0
2024-07-01,At risk of homelessness,ACT,896.0
2024-06-01,Indigenous,ACT,385.0
2024-06-01,FDV,ACT,714.0
2024-06-01,Mental health,ACT,800.0
2024-06-01,Drug or alcohol issues,ACT,208.0
2024-06-01,Financial assistance for accommodation,ACT,24.0
2024-06-01,Nights in emergency accommodation,ACT,7379.0
2024-06-01,Emergency accommodation,ACT,305.0
2024-06-01,Homeless,ACT,950.0
2024-06-01,At risk of homelessness,ACT,897.0
2024-05-01,Indigenous,ACT,407.0
2024-05-01,FDV,ACT,745.0
2024-05-01,Mental health,ACT,868.0
2024-05-01,Drug or alcohol issues,ACT,235.0
2024-05-01,Financial assistance for accommodation,ACT,31.0
2024-05-01,Nights in emergency accommodation,ACT,8019.0
2024-05-01,Emergency accommodation,ACT,319.0
2024-05-01,Homeless,ACT,976.0
2024-05-01,At risk of homelessness,ACT,918.0
2024-04-01,Indigenous,ACT,369.0
2024-04-01,FDV,ACT,709.0
2024-04-01,Mental health,ACT,813.0
2024-04-01,Drug or alcohol issues,ACT,226.0
2024-04-01,Financial assistance for accommodation,ACT,32.0
2024-04-01,Nights in emergency accommodation,ACT,8268.0
2024-04-01,Emergency accommodation,ACT,322.0
2024-04-01,Homeless,ACT,927.0
2024-04-01,At risk of homelessness,ACT,875.0
2024-03-01,Indigenous,ACT,383.0
2024-03-01,FDV,ACT,739.0
2024-03-01,Mental health,ACT,824.0
2024-03-01,Drug or alcohol issues,ACT,223.0
2024-03-01,Financial assistance for accommodation,ACT,26.0
2024-03-01,Nights in emergency accommodation,ACT,8452.0
2024-03-01,Emergency accommodation,ACT,315.0
2024-03-01,Homeless,ACT,957.0
2024-03-01,At risk of homelessness,ACT,896.0
2024-02-01,Indigenous,ACT,383.0
2024-02-01,FDV,ACT,726.0
2024-02-01,Mental health,ACT,791.0
2024-02-01,Drug or alcohol issues,ACT,205.0
2024-02-01,Financial assistance for accommodation,ACT,17.0
2024-02-01,Nights in emergency accommodation,ACT,8192.0
2024-02-01,Emergency accommodation,ACT,329.0
2024-02-01,Homeless,ACT,1008.0
2024-02-01,At risk of homelessness,ACT,829.0
2024-01-01,Indigenous,ACT,374.0
2024-01-01,FDV,ACT,702.0
2024-01-01,Mental health,ACT,765.0
2024-01-01,Drug or alcohol issues,ACT,214.0
2024-01-01,Financial assistance for accommodation,ACT,21.0
2024-01-01,Nights in emergency accommodation,ACT,8097.0
2024-01-01,Emergency accommodation,ACT,325.0
2024-01-01,Homeless,ACT,988.0
2024-01-01,At risk of homelessness,ACT,813.0
2023-12-01,Indigenous,ACT,361.0
2023-12-01,FDV,ACT,661.0
2023-12-01,Mental health,ACT,705.0
2023-12-01,Drug or alcohol issues,ACT,209.0
2023-12-01,Financial assistance for accommodation,ACT,21.0
2023-12-01,Nights in emergency accommodation,ACT,8422.0
2023-12-01,Emergency accommodation,ACT,321.0
2023-12-01,Homeless,ACT,938.0
2023-12-01,At risk of homelessness,ACT,810.0
2023-11-01,Indigenous,ACT,386.0
2023-11-01,FDV,ACT,698.0
2023-11-01,Mental health,ACT,712.0
2023-11-01,Drug or alcohol issues,ACT,220.0
2023-11-01,Financial assistance for accommodation,ACT,26.0
2023-11-01,Nights in emergency accommodation,ACT,8524.0
2023-11-01,Emergency accommodation,ACT,333.0
2023-11-01,Homeless,ACT,966.0
2023-11-01,At risk of homelessness,ACT,861.0
2023-10-01,Indigenous,ACT,405.0
2023-10-01,FDV,ACT,695.0
2023-10-01,Mental health,ACT,761.0
2023-10-01,Drug or alcohol issues,ACT,228.0
2023-10-01,Financial assistance for accommodation,ACT,37.0
2023-10-01,Nights in emergency accommodation,ACT,9342.0
2023-10-01,Emergency accommodation,ACT,352.0
2023-10-01,Homeless,ACT,1020.0
2023-10-01,At risk of homelessness,ACT,860.0
2023-09-01,Indigenous,ACT,402.0
2023-09-01,FDV,ACT,671.0
2023-09-01,Mental health,ACT,747.0
2023-09-01,Drug or alcohol issues,ACT,223.0
2023-09-01,Financial assistance for accommodation,ACT,43.0
2023-09-01,Nights in emergency accommodation,ACT,8704.0
2023-09-01,Emergency accommodation,ACT,354.0
2023-09-01,Homeless,ACT,1007.0
2023-09-01,At risk of homelessness,ACT,858.0
2023-08-01,Indigenous,ACT,398.0
2023-08-01,FDV,ACT,695.0
2023-08-01,Mental health,ACT,755.0
2023-08-01,Drug or alcohol issues,ACT,228.0
2023-08-01,Financial assistance for accommodation,ACT,62.0
2023-08-01,Nights in emergency accommodation,ACT,9432.0
2023-08-01,Emergency accommodation,ACT,373.0
2023-08-01,Homeless,ACT,1027.0
2023-08-01,At risk of homelessness,ACT,857.0
2023-07-01,Indigenous,ACT,384.0
2023-07-01,FDV,ACT,660.0
2023-07-01,Mental health,ACT,723.0
2023-07-01,Drug or alcohol issues,ACT,225.0
2023-07-01,Financial assistance for accommodation,ACT,72.0
2023-07-01,Nights in emergency accommodation,ACT,10035.0
2023-07-01,Emergency accommodation,ACT,386.0
2023-07-01,Homeless,ACT,1017.0
2023-07-01,At risk of homelessness,ACT,862.0
2023-06-01,Indigenous,ACT,366.0
2023-06-01,FDV,ACT,624.0
2023-06-01,Mental health,ACT,743.0
2023-06-01,Drug or alcohol issues,ACT,234.0
2023-06-01,Financial assistance for accommodation,ACT,74.0
2023-06-01,Nights in emergency accommodation,ACT,9349.0
2023-06-01,Emergency accommodation,ACT,360.0
2023-06-01,Homeless,ACT,1006.0
2023-06-01,At risk of homelessness,ACT,874.0
2023-05-01,Indigenous,ACT,365.0
2023-05-01,FDV,ACT,656.0
2023-05-01,Mental health,ACT,743.0
2023-05-01,Drug or alcohol issues,ACT,228.0
2023-05-01,Financial assistance for accommodation,ACT,86.0
2023-05-01,Nights in emergency accommodation,ACT,9710.0
2023-05-01,Emergency accommodation,ACT,380.0
2023-05-01,Homeless,ACT,981.0
2023-05-01,At risk of homelessness,ACT,911.0
2023-04-01,Indigenous,ACT,347.0
2023-04-01,FDV,ACT,662.0
2023-04-01,Mental health,ACT,745.0
2023-04-01,Drug or alcohol issues,ACT,219.0
2023-04-01,Financial assistance for accommodation,ACT,80.0
2023-04-01,Nights in emergency accommodation,ACT,9499.0
2023-04-01,Emergency accommodation,ACT,369.0
2023-04-01,Homeless,ACT,971.0
2023-04-01,At risk of homelessness,ACT,861.0
2023-03-01,Indigenous,ACT,359.0
2023-03-01,FDV,ACT,710.0
2023-03-01,Mental health,ACT,777.0
2023-03-01,Drug or alcohol issues,ACT,230.0
2023-03-01,Financial assistance for accommodation,ACT,73.0
2023-03-01,Nights in emergency accommodation,ACT,9698.0
2023-03-01,Emergency accommodation,ACT,371.0
2023-03-01,Homeless,ACT,1007.0
2023-03-01,At risk of homelessness,ACT,899.0
2023-02-01,Indigenous,ACT,364.0
2023-02-01,FDV,ACT,718.0
2023-02-01,Mental health,ACT,766.0
2023-02-01,Drug or alcohol issues,ACT,227.0
2023-02-01,Financial assistance for accommodation,ACT,55.0
2023-02-01,Nights in emergency accommodation,ACT,8237.0
2023-02-01,Emergency accommodation,ACT,334.0
2023-02-01,Homeless,ACT,977.0
2023-02-01,At risk of homelessness,ACT,900.0
2023-01-01,Indigenous,ACT,372.0
2023-01-01,FDV,ACT,762.0
2023-01-01,Mental health,ACT,756.0
2023-01-01,Drug or alcohol issues,ACT,221.0
2023-01-01,Financial assistance for accommodation,ACT,31.0
2023-01-01,Nights in emergency accommodation,ACT,8426.0
2023-01-01,Emergency accommodation,ACT,347.0
2023-01-01,Homeless,ACT,1016.0
2023-01-01,At risk of homelessness,ACT,914.0
2022-12-01,Indigenous,ACT,371.0
2022-12-01,FDV,ACT,755.0
2022-12-01,Mental health,ACT,735.0
2022-12-01,Drug or alcohol issues,ACT,210.0
2022-12-01,Financial assistance for accommodation,ACT,26.0
2022-12-01,Nights in emergency accommodation,ACT,8756.0
2022-12-01,Emergency accommodation,ACT,321.0
2022-12-01,Homeless,ACT,1013.0
2022-12-01,At risk of homelessness,ACT,895.0
2022-11-01,Indigenous,ACT,390.0
2022-11-01,FDV,ACT,782.0
2022-11-01,Mental health,ACT,770.0
2022-11-01,Drug or alcohol issues,ACT,226.0
2022-11-01,Financial assistance for accommodation,ACT,26.0
2022-11-01,Nights in emergency accommodation,ACT,8705.0
2022-11-01,Emergency accommodation,ACT,331.0
2022-11-01,Homeless,ACT,1086.0
2022-11-01,At risk of homelessness,ACT,895.0
2022-10-01,Indigenous,ACT,365.0
2022-10-01,FDV,ACT,746.0
2022-10-01,Mental health,ACT,750.0
2022-10-01,Drug or alcohol issues,ACT,227.0
2022-10-01,Financial assistance for accommodation,ACT,26.0
2022-10-01,Nights in emergency accommodation,ACT,9070.0
2022-10-01,Emergency accommodation,ACT,331.0
2022-10-01,Homeless,ACT,1069.0
2022-10-01,At risk of homelessness,ACT,858.0
2022-09-01,Indigenous,ACT,372.0
2022-09-01,FDV,ACT,721.0
2022-09-01,Mental health,ACT,749.0
2022-09-01,Drug or alcohol issues,ACT,234.0
2022-09-01,Financial assistance for accommodation,ACT,41.0
2022-09-01,Nights in emergency accommodation,ACT,9055.0
2022-09-01,Emergency accommodation,ACT,350.0
2022-09-01,Homeless,ACT,1099.0
2022-09-01,At risk of homelessness,ACT,838.0
2022-08-01,Indigenous,ACT,380.0
2022-08-01,FDV,ACT,710.0
2022-08-01,Mental health,ACT,765.0
2022-08-01,Drug or alcohol issues,ACT,239.0
2022-08-01,Financial assistance for accommodation,ACT,41.0
2022-08-01,Nights in emergency accommodation,ACT,9255.0
2022-08-01,Emergency accommodation,ACT,363.0
2022-08-01,Homeless,ACT,1079.0
2022-08-01,At risk of homelessness,ACT,848.0
2022-07-01,Indigenous,ACT,373.0
2022-07-01,FDV,ACT,700.0
2022-07-01,Mental health,ACT,742.0
2022-07-01,Drug or alcohol issues,ACT,234.0
2022-07-01,Financial assistance for accommodation,ACT,51.0
2022-07-01,Nights in emergency accommodation,ACT,9447.0
2022-07-01,Emergency accommodation,ACT,360.0
2022-07-01,Homeless,ACT,1087.0
2022-07-01,At risk of homelessness,ACT,832.0
2022-06-01,Indigenous,ACT,372.0
2022-06-01,FDV,ACT,700.0
2022-06-01,Mental health,ACT,727.0
2022-06-01,Drug or alcohol issues,ACT,229.0
2022-06-01,Financial assistance for accommodation,ACT,48.0
2022-06-01,Nights in emergency accommodation,ACT,9139.0
2022-06-01,Emergency accommodation,ACT,344.0
2022-06-01,Homeless,ACT,1061.0
2022-06-01,At risk of homelessness,ACT,801.0
2022-05-01,Indigenous,ACT,361.0
2022-05-01,FDV,ACT,686.0
2022-05-01,Mental health,ACT,691.0
2022-05-01,Drug or alcohol issues,ACT,224.0
2022-05-01,Financial assistance for accommodation,ACT,47.0
2022-05-01,Nights in emergency accommodation,ACT,9423.0
2022-05-01,Emergency accommodation,ACT,349.0
2022-05-01,Homeless,ACT,1058.0
2022-05-01,At risk of homelessness,ACT,780.0
2022-04-01,Indigenous,ACT,358.0
2022-04-01,FDV,ACT,696.0
2022-04-01,Mental health,ACT,675.0
2022-04-01,Drug or alcohol issues,ACT,214.0
2022-04-01,Financial assistance for accommodation,ACT,40.0
2022-04-01,Nights in emergency accommodation,ACT,8923.0
2022-04-01,Emergency accommodation,ACT,341.0
2022-04-01,Homeless,ACT,1061.0
2022-04-01,At risk of homelessness,ACT,739.0
2022-03-01,Indigenous,ACT,391.0
2022-03-01,FDV,ACT,708.0
2022-03-01,Mental health,ACT,679.0
2022-03-01,Drug or alcohol issues,ACT,220.0
2022-03-01,Financial assistance for accommodation,ACT,40.0
2022-03-01,Nights in emergency accommodation,ACT,9249.0
2022-03-01,Emergency accommodation,ACT,354.0
2022-03-01,Homeless,ACT,1104.0
2022-03-01,At risk of homelessness,ACT,756.0
2022-02-01,Indigenous,ACT,376.0
2022-02-01,FDV,ACT,720.0
2022-02-01,Mental health,ACT,679.0
2022-02-01,Drug or alcohol issues,ACT,222.0
2022-02-01,Financial assistance for accommodation,ACT,35.0
2022-02-01,Nights in emergency accommodation,ACT,8152.0
2022-02-01,Emergency accommodation,ACT,327.0
2022-02-01,Homeless,ACT,1099.0
2022-02-01,At risk of homelessness,ACT,717.0
2022-01-01,Indigenous,ACT,377.0
2022-01-01,FDV,ACT,720.0
2022-01-01,Mental health,ACT,686.0
2022-01-01,Drug or alcohol issues,ACT,231.0
2022-01-01,Financial assistance for accommodation,ACT,37.0
2022-01-01,Nights in emergency accommodation,ACT,9125.0
2022-01-01,Emergency accommodation,ACT,336.0
2022-01-01,Homeless,ACT,1128.0
2022-01-01,At risk of homelessness,ACT,721.0
2021-12-01,Indigenous,ACT,386.0
2021-12-01,FDV,ACT,732.0
2021-12-01,Mental health,ACT,687.0
2021-12-01,Drug or alcohol issues,ACT,225.0
2021-12-01,Financial assistance for accommodation,ACT,47.0
2021-12-01,Nights in emergency accommodation,ACT,9833.0
2021-12-01,Emergency accommodation,ACT,365.0
2021-12-01,Homeless,ACT,1092.0
2021-12-01,At risk of homelessness,ACT,739.0
2021-11-01,Indigenous,ACT,397.0
2021-11-01,FDV,ACT,761.0
2021-11-01,Mental health,ACT,725.0
2021-11-01,Drug or alcohol issues,ACT,250.0
2021-11-01,Financial assistance for accommodation,ACT,86.0
2021-11-01,Nights in emergency accommodation,ACT,10268.0
2021-11-01,Emergency accommodation,ACT,407.0
2021-11-01,Homeless,ACT,1160.0
2021-11-01,At risk of homelessness,ACT,763.0
2021-10-01,Indigenous,ACT,395.0
2021-10-01,FDV,ACT,760.0
2021-10-01,Mental health,ACT,703.0
2021-10-01,Drug or alcohol issues,ACT,235.0
2021-10-01,Financial assistance for accommodation,ACT,148.0
2021-10-01,Nights in emergency accommodation,ACT,11969.0
2021-10-01,Emergency accommodation,ACT,448.0
2021-10-01,Homeless,ACT,1140.0
2021-10-01,At risk of homelessness,ACT,772.0
2021-09-01,Indigenous,ACT,378.0
2021-09-01,FDV,ACT,729.0
2021-09-01,Mental health,ACT,689.0
2021-09-01,Drug or alcohol issues,ACT,236.0
2021-09-01,Financial assistance for accommodation,ACT,165.0
2021-09-01,Nights in emergency accommodation,ACT,10892.0
2021-09-01,Emergency accommodation,ACT,453.0
2021-09-01,Homeless,ACT,1111.0
2021-09-01,At risk of homelessness,ACT,768.0
2021-08-01,Indigenous,ACT,376.0
2021-08-01,FDV,ACT,714.0
2021-08-01,Mental health,ACT,686.0
2021-08-01,Drug or alcohol issues,ACT,217.0
2021-08-01,Financial assistance for accommodation,ACT,66.0
2021-08-01,Nights in emergency accommodation,ACT,9524.0
2021-08-01,Emergency accommodation,ACT,372.0
2021-08-01,Homeless,ACT,1056.0
2021-08-01,At risk of homelessness,ACT,732.0
2021-07-01,Indigenous,ACT,344.0
2021-07-01,FDV,ACT,712.0
2021-07-01,Mental health,ACT,695.0
2021-07-01,Drug or alcohol issues,ACT,236.0
2021-07-01,Financial assistance for accommodation,ACT,27.0
2021-07-01,Nights in emergency accommodation,ACT,9150.0
2021-07-01,Emergency accommodation,ACT,384.0
2021-07-01,Homeless,ACT,1011.0
2021-07-01,At risk of homelessness,ACT,763.0
2021-06-01,Indigenous,ACT,348.0
2021-06-01,FDV,ACT,714.0
2021-06-01,Mental health,ACT,696.0
2021-06-01,Drug or alcohol issues,ACT,245.0
2021-06-01,Financial assistance for accommodation,ACT,22.0
2021-06-01,Nights in emergency accommodation,ACT,8932.0
2021-06-01,Emergency accommodation,ACT,349.0
2021-06-01,Homeless,ACT,1044.0
2021-06-01,At risk of homelessness,ACT,735.0
2021-05-01,Indigenous,ACT,336.0
2021-05-01,FDV,ACT,726.0
2021-05-01,Mental health,ACT,677.0
2021-05-01,Drug or alcohol issues,ACT,233.0
2021-05-01,Financial assistance for accommodation,ACT,20.0
2021-05-01,Nights in emergency accommodation,ACT,9157.0
2021-05-01,Emergency accommodation,ACT,339.0
2021-05-01,Homeless,ACT,1027.0
2021-05-01,At risk of homelessness,ACT,751.0
2021-04-01,Indigenous,ACT,340.0
2021-04-01,FDV,ACT,722.0
2021-04-01,Mental health,ACT,683.0
2021-04-01,Drug or alcohol issues,ACT,223.0
2021-04-01,Financial assistance for accommodation,ACT,23.0
2021-04-01,Nights in emergency accommodation,ACT,8503.0
2021-04-01,Emergency accommodation,ACT,324.0
2021-04-01,Homeless,ACT,1010.0
2021-04-01,At risk of homelessness,ACT,783.0
2021-03-01,Indigenous,ACT,337.0
2021-03-01,FDV,ACT,726.0
2021-03-01,Mental health,ACT,724.0
2021-03-01,Drug or alcohol issues,ACT,233.0
2021-03-01,Financial assistance for accommodation,ACT,17.0
2021-03-01,Nights in emergency accommodation,ACT,8635.0
2021-03-01,Emergency accommodation,ACT,324.0
2021-03-01,Homeless,ACT,1044.0
2021-03-01,At risk of homelessness,ACT,800.0
2021-02-01,Indigenous,ACT,334.0
2021-02-01,FDV,ACT,744.0
2021-02-01,Mental health,ACT,703.0
2021-02-01,Drug or alcohol issues,ACT,238.0
2021-02-01,Financial assistance for accommodation,ACT,22.0
2021-02-01,Nights in emergency accommodation,ACT,8157.0
2021-02-01,Emergency accommodation,ACT,315.0
2021-02-01,Homeless,ACT,1041.0
2021-02-01,At risk of homelessness,ACT,794.0
2021-01-01,Indigenous,ACT,319.0
2021-01-01,FDV,ACT,727.0
2021-01-01,Mental health,ACT,668.0
2021-01-01,Drug or alcohol issues,ACT,218.0
2021-01-01,Financial assistance for accommodation,ACT,23.0
2021-01-01,Nights in emergency accommodation,ACT,8995.0
2021-01-01,Emergency accommodation,ACT,323.0
2021-01-01,Homeless,ACT,981.0
2021-01-01,At risk of homelessness,ACT,819.0
2020-12-01,Indigenous,ACT,293.0
2020-12-01,FDV,ACT,684.0
2020-12-01,Mental health,ACT,650.0
2020-12-01,Drug or alcohol issues,ACT,215.0
2020-12-01,Financial assistance for accommodation,ACT,25.0
2020-12-01,Nights in emergency accommodation,ACT,9109.0
2020-12-01,Emergency accommodation,ACT,318.0
2020-12-01,Homeless,ACT,989.0
2020-12-01,At risk of homelessness,ACT,780.0
2020-11-01,Indigenous,ACT,302.0
2020-11-01,FDV,ACT,703.0
2020-11-01,Mental health,ACT,668.0
2020-11-01,Drug or alcohol issues,ACT,228.0
2020-11-01,Financial assistance for accommodation,ACT,32.0
2020-11-01,Nights in emergency accommodation,ACT,8702.0
2020-11-01,Emergency accommodation,ACT,338.0
2020-11-01,Homeless,ACT,1038.0
2020-11-01,At risk of homelessness,ACT,771.0
2020-10-01,Indigenous,ACT,310.0
2020-10-01,FDV,ACT,726.0
2020-10-01,Mental health,ACT,672.0
2020-10-01,Drug or alcohol issues,ACT,224.0
2020-10-01,Financial assistance for accommodation,ACT,19.0
2020-10-01,Nights in emergency accommodation,ACT,9466.0
2020-10-01,Emergency accommodation,ACT,344.0
2020-10-01,Homeless,ACT,1040.0
2020-10-01,At risk of homelessness,ACT,795.0
2020-09-01,Indigenous,ACT,308.0
2020-09-01,FDV,ACT,743.0
2020-09-01,Mental health,ACT,691.0
2020-09-01,Drug or alcohol issues,ACT,230.0
2020-09-01,Financial assistance for accommodation,ACT,14.0
2020-09-01,Nights in emergency accommodation,ACT,9029.0
2020-09-01,Emergency accommodation,ACT,354.0
2020-09-01,Homeless,ACT,1033.0
2020-09-01,At risk of homelessness,ACT,832.0
2020-08-01,Indigenous,ACT,305.0
2020-08-01,FDV,ACT,746.0
2020-08-01,Mental health,ACT,650.0
2020-08-01,Drug or alcohol issues,ACT,216.0
2020-08-01,Financial assistance for accommodation,ACT,19.0
2020-08-01,Nights in emergency accommodation,ACT,9483.0
2020-08-01,Emergency accommodation,ACT,349.0
2020-08-01,Homeless,ACT,1061.0
2020-08-01,At risk of homelessness,ACT,773.0
2020-07-01,Indigenous,ACT,301.0
2020-07-01,FDV,ACT,744.0
2020-07-01,Mental health,ACT,668.0
2020-07-01,Drug or alcohol issues,ACT,215.0
2020-07-01,Financial assistance for accommodation,ACT,25.0
2020-07-01,Nights in emergency accommodation,ACT,9514.0
2020-07-01,Emergency accommodation,ACT,388.0
2020-07-01,Homeless,ACT,1046.0
2020-07-01,At risk of homelessness,ACT,801.0
2020-06-01,Indigenous,ACT,302.0
2020-06-01,FDV,ACT,761.0
2020-06-01,Mental health,ACT,666.0
2020-06-01,Drug or alcohol issues,ACT,203.0
2020-06-01,Financial assistance for accommodation,ACT,29.0
2020-06-01,Nights in emergency accommodation,ACT,8743.0
2020-06-01,Emergency accommodation,ACT,375.0
2020-06-01,Homeless,ACT,1077.0
2020-06-01,At risk of homelessness,ACT,827.0
2020-05-01,Indigenous,ACT,294.0
2020-05-01,FDV,ACT,746.0
2020-05-01,Mental health,ACT,671.0
2020-05-01,Drug or alcohol issues,ACT,206.0
2020-05-01,Financial assistance for accommodation,ACT,41.0
2020-05-01,Nights in emergency accommodation,ACT,9078.0
2020-05-01,Emergency accommodation,ACT,356.0
2020-05-01,Homeless,ACT,1071.0
2020-05-01,At risk of homelessness,ACT,803.0
2020-04-01,Indigenous,ACT,292.0
2020-04-01,FDV,ACT,744.0
2020-04-01,Mental health,ACT,650.0
2020-04-01,Drug or alcohol issues,ACT,192.0
2020-04-01,Financial assistance for accommodation,ACT,38.0
2020-04-01,Nights in emergency accommodation,ACT,8216.0
2020-04-01,Emergency accommodation,ACT,329.0
2020-04-01,Homeless,ACT,1027.0
2020-04-01,At risk of homelessness,ACT,837.0
2020-03-01,Indigenous,ACT,293.0
2020-03-01,FDV,ACT,699.0
2020-03-01,Mental health,ACT,658.0
2020-03-01,Drug or alcohol issues,ACT,188.0
2020-03-01,Financial assistance for accommodation,ACT,32.0
2020-03-01,Nights in emergency accommodation,ACT,8412.0
2020-03-01,Emergency accommodation,ACT,318.0
2020-03-01,Homeless,ACT,1032.0
2020-03-01,At risk of homelessness,ACT,806.0
2020-02-01,Indigenous,ACT,282.0
2020-02-01,FDV,ACT,637.0
2020-02-01,Mental health,ACT,625.0
2020-02-01,Drug or alcohol issues,ACT,196.0
2020-02-01,Financial assistance for accommodation,ACT,29.0
2020-02-01,Nights in emergency accommodation,ACT,7867.0
2020-02-01,Emergency accommodation,ACT,318.0
2020-02-01,Homeless,ACT,996.0
2020-02-01,At risk of homelessness,ACT,771.0
2020-01-01,Indigenous,ACT,283.0
2020-01-01,FDV,ACT,640.0
2020-01-01,Mental health,ACT,620.0
2020-01-01,Drug or alcohol issues,ACT,197.0
2020-01-01,Financial assistance for accommodation,ACT,27.0
2020-01-01,Nights in emergency accommodation,ACT,8406.0
2020-01-01,Emergency accommodation,ACT,324.0
2020-01-01,Homeless,ACT,979.0
2020-01-01,At risk of homelessness,ACT,770.0
2019-12-01,Indigenous,ACT,260.0
2019-12-01,FDV,ACT,620.0
2019-12-01,Mental health,ACT,553.0
2019-12-01,Drug or alcohol issues,ACT,175.0
2019-12-01,Financial assistance for accommodation,ACT,24.0
2019-12-01,Nights in emergency accommodation,ACT,8264.0
2019-12-01,Emergency accommodation,ACT,310.0
2019-12-01,Homeless,ACT,939.0
2019-12-01,At risk of homelessness,ACT,714.0
2019-11-01,Indigenous,ACT,271.0
2019-11-01,FDV,ACT,624.0
2019-11-01,Mental health,ACT,564.0
2019-11-01,Drug or alcohol issues,ACT,179.0
2019-11-01,Financial assistance for accommodation,ACT,17.0
2019-11-01,Nights in emergency accommodation,ACT,8133.0
2019-11-01,Emergency accommodation,ACT,321.0
2019-11-01,Homeless,ACT,972.0
2019-11-01,At risk of homelessness,ACT,719.0
2019-10-01,Indigenous,ACT,277.0
2019-10-01,FDV,ACT,597.0
2019-10-01,Mental health,ACT,557.0
2019-10-01,Drug or alcohol issues,ACT,165.0
2019-10-01,Financial assistance for accommodation,ACT,26.0
2019-10-01,Nights in emergency accommodation,ACT,8357.0
2019-10-01,Emergency accommodation,ACT,307.0
2019-10-01,Homeless,ACT,974.0
2019-10-01,At risk of homelessness,ACT,716.0
2019-09-01,Indigenous,ACT,267.0
2019-09-01,FDV,ACT,542.0
2019-09-01,Mental health,ACT,525.0
2019-09-01,Drug or alcohol issues,ACT,158.0
2019-09-01,Financial assistance for accommodation,ACT,24.0
2019-09-01,Nights in emergency accommodation,ACT,8084.0
2019-09-01,Emergency accommodation,ACT,320.0
2019-09-01,Homeless,ACT,918.0
2019-09-01,At risk of homelessness,ACT,693.0
2019-08-01,Indigenous,ACT,270.0
2019-08-01,FDV,ACT,568.0
2019-08-01,Mental health,ACT,559.0
2019-08-01,Drug or alcohol issues,ACT,168.0
2019-08-01,Financial assistance for accommodation,ACT,19.0
2019-08-01,Nights in emergency accommodation,ACT,8572.0
2019-08-01,Emergency accommodation,ACT,323.0
2019-08-01,Homeless,ACT,867.0
2019-08-01,At risk of homelessness,ACT,748.0
2019-07-01,Indigenous,ACT,250.0
2019-07-01,FDV,ACT,541.0
2019-07-01,Mental health,ACT,506.0
2019-07-01,Drug or alcohol issues,ACT,156.0
2019-07-01,Financial assistance for accommodation,ACT,25.0
2019-07-01,Nights in emergency accommodation,ACT,8424.0
2019-07-01,Emergency accommodation,ACT,325.0
2019-07-01,Homeless,ACT,848.0
2019-07-01,At risk of homelessness,ACT,731.0
2019-06-01,Indigenous,ACT,235.0
2019-06-01,FDV,ACT,503.0
2019-06-01,Mental health,ACT,477.0
2019-06-01,Drug or alcohol issues,ACT,140.0
2019-06-01,Financial assistance for accommodation,ACT,21.0
2019-06-01,Nights in emergency accommodation,ACT,7732.0
2019-06-01,Emergency accommodation,ACT,308.0
2019-06-01,Homeless,ACT,828.0
2019-06-01,At risk of homelessness,ACT,699.0
2019-05-01,Indigenous,ACT,241.0
2019-05-01,FDV,ACT,522.0
2019-05-01,Mental health,ACT,514.0
2019-05-01,Drug or alcohol issues,ACT,136.0
2019-05-01,Financial assistance for accommodation,ACT,19.0
2019-05-01,Nights in emergency accommodation,ACT,8212.0
2019-05-01,Emergency accommodation,ACT,316.0
2019-05-01,Homeless,ACT,852.0
2019-05-01,At risk of homelessness,ACT,736.0
2019-04-01,Indigenous,ACT,229.0
2019-04-01,FDV,ACT,527.0
2019-04-01,Mental health,ACT,515.0
2019-04-01,Drug or alcohol issues,ACT,134.0
2019-04-01,Financial assistance for accommodation,ACT,17.0
2019-04-01,Nights in emergency accommodation,ACT,8188.0
2019-04-01,Emergency accommodation,ACT,307.0
2019-04-01,Homeless,ACT,850.0
2019-04-01,At risk of homelessness,ACT,707.0
2019-03-01,Indigenous,ACT,237.0
2019-03-01,FDV,ACT,540.0
2019-03-01,Mental health,ACT,530.0
2019-03-01,Drug or alcohol issues,ACT,137.0
2019-03-01,Financial assistance for accommodation,ACT,24.0
2019-03-01,Nights in emergency accommodation,ACT,8259.0
2019-03-01,Emergency accommodation,ACT,320.0
2019-03-01,Homeless,ACT,847.0
2019-03-01,At risk of homelessness,ACT,758.0
2019-02-01,Indigenous,ACT,248.0
2019-02-01,FDV,ACT,529.0
2019-02-01,Mental health,ACT,573.0
2019-02-01,Drug or alcohol issues,ACT,150.0
2019-02-01,Financial assistance for accommodation,ACT,20.0
2019-02-01,Nights in emergency accommodation,ACT,7415.0
2019-02-01,Emergency accommodation,ACT,312.0
2019-02-01,Homeless,ACT,876.0
2019-02-01,At risk of homelessness,ACT,780.0
2019-01-01,Indigenous,ACT,246.0
2019-01-01,FDV,ACT,521.0
2019-01-01,Mental health,ACT,556.0
2019-01-01,Drug or alcohol issues,ACT,152.0
2019-01-01,Financial assistance for accommodation,ACT,22.0
2019-01-01,Nights in emergency accommodation,ACT,8311.0
2019-01-01,Emergency accommodation,ACT,326.0
2019-01-01,Homeless,ACT,853.0
2019-01-01,At risk of homelessness,ACT,767.0
2018-12-01,Indigenous,ACT,220.0
2018-12-01,FDV,ACT,498.0
2018-12-01,Mental health,ACT,524.0
2018-12-01,Drug or alcohol issues,ACT,148.0
2018-12-01,Financial assistance for accommodation,ACT,19.0
2018-12-01,Nights in emergency accommodation,ACT,8470.0
2018-12-01,Emergency accommodation,ACT,312.0
2018-12-01,Homeless,ACT,810.0
2018-12-01,At risk of homelessness,ACT,717.0
2018-11-01,Indigenous,ACT,229.0
2018-11-01,FDV,ACT,524.0
2018-11-01,Mental health,ACT,542.0
2018-11-01,Drug or alcohol issues,ACT,155.0
2018-11-01,Financial assistance for accommodation,ACT,25.0
2018-11-01,Nights in emergency accommodation,ACT,8371.0
2018-11-01,Emergency accommodation,ACT,316.0
2018-11-01,Homeless,ACT,829.0
2018-11-01,At risk of homelessness,ACT,757.0
2018-10-01,Indigenous,ACT,209.0
2018-10-01,FDV,ACT,498.0
2018-10-01,Mental health,ACT,523.0
2018-10-01,Drug or alcohol issues,ACT,155.0
2018-10-01,Financial assistance for accommodation,ACT,18.0
2018-10-01,Nights in emergency accommodation,ACT,8932.0
2018-10-01,Emergency accommodation,ACT,327.0
2018-10-01,Homeless,ACT,821.0
2018-10-01,At risk of homelessness,ACT,731.0
2018-09-01,Indigenous,ACT,231.0
2018-09-01,FDV,ACT,515.0
2018-09-01,Mental health,ACT,548.0
2018-09-01,Drug or alcohol issues,ACT,168.0
2018-09-01,Financial assistance for accommodation,ACT,16.0
2018-09-01,Nights in emergency accommodation,ACT,8613.0
2018-09-01,Emergency accommodation,ACT,335.0
2018-09-01,Homeless,ACT,807.0
2018-09-01,At risk of homelessness,ACT,748.0
2018-08-01,Indigenous,ACT,242.0
2018-08-01,FDV,ACT,538.0
2018-08-01,Mental health,ACT,549.0
2018-08-01,Drug or alcohol issues,ACT,163.0
2018-08-01,Financial assistance for accommodation,ACT,21.0
2018-08-01,Nights in emergency accommodation,ACT,8782.0
2018-08-01,Emergency accommodation,ACT,312.0
2018-08-01,Homeless,ACT,831.0
2018-08-01,At risk of homelessness,ACT,752.0
2018-07-01,Indigenous,ACT,253.0
2018-07-01,FDV,ACT,526.0
2018-07-01,Mental health,ACT,542.0
2018-07-01,Drug or alcohol issues,ACT,154.0
2018-07-01,Financial assistance for accommodation,ACT,21.0
2018-07-01,Nights in emergency accommodation,ACT,8752.0
2018-07-01,Emergency accommodation,ACT,327.0
2018-07-01,Homeless,ACT,798.0
2018-07-01,At risk of homelessness,ACT,758.0
2018-06-01,Indigenous,ACT,255.0
2018-06-01,FDV,ACT,541.0
2018-06-01,Mental health,ACT,517.0
2018-06-01,Drug or alcohol issues,ACT,153.0
2018-06-01,Financial assistance for accommodation,ACT,16.0
2018-06-01,Nights in emergency accommodation,ACT,8335.0
2018-06-01,Emergency accommodation,ACT,322.0
2018-06-01,Homeless,ACT,810.0
2018-06-01,At risk of homelessness,ACT,741.0
2018-05-01,Indigenous,ACT,267.0
2018-05-01,FDV,ACT,547.0
2018-05-01,Mental health,ACT,544.0
2018-05-01,Drug or alcohol issues,ACT,155.0
2018-05-01,Financial assistance for accommodation,ACT,16.0
2018-05-01,Nights in emergency accommodation,ACT,8529.0
2018-05-01,Emergency accommodation,ACT,329.0
2018-05-01,Homeless,ACT,846.0
2018-05-01,At risk of homelessness,ACT,779.0
2018-04-01,Indigenous,ACT,266.0
2018-04-01,FDV,ACT,538.0
2018-04-01,Mental health,ACT,520.0
2018-04-01,Drug or alcohol issues,ACT,146.0
2018-04-01,Financial assistance for accommodation,ACT,23.0
2018-04-01,Nights in emergency accommodation,ACT,8722.0
2018-04-01,Emergency accommodation,ACT,332.0
2018-04-01,Homeless,ACT,834.0
2018-04-01,At risk of homelessness,ACT,752.0
2018-03-01,Indigenous,ACT,259.0
2018-03-01,FDV,ACT,557.0
2018-03-01,Mental health,ACT,509.0
2018-03-01,Drug or alcohol issues,ACT,178.0
2018-03-01,Financial assistance for accommodation,ACT,23.0
2018-03-01,Nights in emergency accommodation,ACT,8511.0
2018-03-01,Emergency accommodation,ACT,343.0
2018-03-01,Homeless,ACT,839.0
2018-03-01,At risk of homelessness,ACT,774.0
2018-02-01,Indigenous,ACT,270.0
2018-02-01,FDV,ACT,557.0
2018-02-01,Mental health,ACT,518.0
2018-02-01,Drug or alcohol issues,ACT,180.0
2018-02-01,Financial assistance for accommodation,ACT,15.0
2018-02-01,Nights in emergency accommodation,ACT,7362.0
2018-02-01,Emergency accommodation,ACT,318.0
2018-02-01,Homeless,ACT,820.0
2018-02-01,At risk of homelessness,ACT,794.0
2018-01-01,Indigenous,ACT,287.0
2018-01-01,FDV,ACT,555.0
2018-01-01,Mental health,ACT,541.0
2018-01-01,Drug or alcohol issues,ACT,200.0
2018-01-01,Financial assistance for accommodation,ACT,17.0
2018-01-01,Nights in emergency accommodation,ACT,8228.0
2018-01-01,Emergency accommodation,ACT,323.0
2018-01-01,Homeless,ACT,814.0
2018-01-01,At risk of homelessness,ACT,814.0
2017-12-01,Indigenous,ACT,267.0
2017-12-01,FDV,ACT,489.0
2017-12-01,Mental health,ACT,521.0
2017-12-01,Drug or alcohol issues,ACT,165.0
2017-12-01,Financial assistance for accommodation,ACT,21.0
2017-12-01,Nights in emergency accommodation,ACT,8302.0
2017-12-01,Emergency accommodation,ACT,301.0
2017-12-01,Homeless,ACT,830.0
2017-12-01,At risk of homelessness,ACT,701.0
2017-11-01,Indigenous,ACT,279.0
2017-11-01,FDV,ACT,527.0
2017-11-01,Mental health,ACT,539.0
2017-11-01,Drug or alcohol issues,ACT,174.0
2017-11-01,Financial assistance for accommodation,ACT,21.0
2017-11-01,Nights in emergency accommodation,ACT,7977.0
2017-11-01,Emergency accommodation,ACT,314.0
2017-11-01,Homeless,ACT,842.0
2017-11-01,At risk of homelessness,ACT,737.0
2017-10-01,Indigenous,ACT,273.0
2017-10-01,FDV,ACT,521.0
2017-10-01,Mental health,ACT,513.0
2017-10-01,Drug or alcohol issues,ACT,159.0
2017-10-01,Financial assistance for accommodation,ACT,19.0
2017-10-01,Nights in emergency accommodation,ACT,8208.0
2017-10-01,Emergency accommodation,ACT,322.0
2017-10-01,Homeless,ACT,817.0
2017-10-01,At risk of homelessness,ACT,754.0
2017-09-01,Indigenous,ACT,252.0
2017-09-01,FDV,ACT,493.0
2017-09-01,Mental health,ACT,491.0
2017-09-01,Drug or alcohol issues,ACT,157.0
2017-09-01,Financial assistance for accommodation,ACT,13.0
2017-09-01,Nights in emergency accommodation,ACT,7887.0
2017-09-01,Emergency accommodation,ACT,307.0
2017-09-01,Homeless,ACT,776.0
2017-09-01,At risk of homelessness,ACT,740.0
2017-08-01,Indigenous,ACT,275.0
2017-08-01,FDV,ACT,514.0
2017-08-01,Mental health,ACT,531.0
2017-08-01,Drug or alcohol issues,ACT,156.0
2017-08-01,Financial assistance for accommodation,ACT,18.0
2017-08-01,Nights in emergency accommodation,ACT,8049.0
2017-08-01,Emergency accommodation,ACT,340.0
2017-08-01,Homeless,ACT,772.0
2017-08-01,At risk of homelessness,ACT,828.0
2017-07-01,Indigenous,ACT,257.0
2017-07-01,FDV,ACT,517.0
2017-07-01,Mental health,ACT,487.0
2017-07-01,Drug or alcohol issues,ACT,138.0
2017-07-01,Financial assistance for accommodation,ACT,14.0
2017-07-01,Nights in emergency accommodation,ACT,8459.0
2017-07-01,Emergency accommodation,ACT,319.0
2017-07-01,Homeless,ACT,771.0
2017-07-01,At risk of homelessness,ACT,794.0
2026-03-01,Indigenous,NT,3535.0
2026-03-01,FDV,NT,1237.0
2026-03-01,Mental health,NT,359.0
2026-03-01,Drug or alcohol issues,NT,169.0
2026-03-01,Financial assistance for accommodation,NT,37.0
2026-03-01,Nights in emergency accommodation,NT,6696.0
2026-03-01,Emergency accommodation,NT,636.0
2026-03-01,Homeless,NT,1735.0
2026-03-01,At risk of homelessness,NT,1609.0
2026-02-01,Indigenous,NT,3660.0
2026-02-01,FDV,NT,1256.0
2026-02-01,Mental health,NT,341.0
2026-02-01,Drug or alcohol issues,NT,170.0
2026-02-01,Financial assistance for accommodation,NT,29.0
2026-02-01,Nights in emergency accommodation,NT,5731.0
2026-02-01,Emergency accommodation,NT,673.0
2026-02-01,Homeless,NT,1735.0
2026-02-01,At risk of homelessness,NT,1653.0
2026-01-01,Indigenous,NT,3125.0
2026-01-01,FDV,NT,1243.0
2026-01-01,Mental health,NT,319.0
2026-01-01,Drug or alcohol issues,NT,183.0
2026-01-01,Financial assistance for accommodation,NT,32.0
2026-01-01,Nights in emergency accommodation,NT,6674.0
2026-01-01,Emergency accommodation,NT,625.0
2026-01-01,Homeless,NT,1679.0
2026-01-01,At risk of homelessness,NT,1564.0
2025-12-01,Indigenous,NT,2915.0
2025-12-01,FDV,NT,1343.0
2025-12-01,Mental health,NT,307.0
2025-12-01,Drug or alcohol issues,NT,173.0
2025-12-01,Financial assistance for accommodation,NT,26.0
2025-12-01,Nights in emergency accommodation,NT,6929.0
2025-12-01,Emergency accommodation,NT,719.0
2025-12-01,Homeless,NT,1660.0
2025-12-01,At risk of homelessness,NT,1611.0
2025-11-01,Indigenous,NT,2971.0
2025-11-01,FDV,NT,1353.0
2025-11-01,Mental health,NT,307.0
2025-11-01,Drug or alcohol issues,NT,178.0
2025-11-01,Financial assistance for accommodation,NT,28.0
2025-11-01,Nights in emergency accommodation,NT,5968.0
2025-11-01,Emergency accommodation,NT,645.0
2025-11-01,Homeless,NT,1716.0
2025-11-01,At risk of homelessness,NT,1613.0
2025-10-01,Indigenous,NT,2910.0
2025-10-01,FDV,NT,1344.0
2025-10-01,Mental health,NT,305.0
2025-10-01,Drug or alcohol issues,NT,184.0
2025-10-01,Financial assistance for accommodation,NT,18.0
2025-10-01,Nights in emergency accommodation,NT,5727.0
2025-10-01,Emergency accommodation,NT,668.0
2025-10-01,Homeless,NT,1676.0
2025-10-01,At risk of homelessness,NT,1552.0
2025-09-01,Indigenous,NT,2670.0
2025-09-01,FDV,NT,1195.0
2025-09-01,Mental health,NT,313.0
2025-09-01,Drug or alcohol issues,NT,172.0
2025-09-01,Financial assistance for accommodation,NT,20.0
2025-09-01,Nights in emergency accommodation,NT,4669.0
2025-09-01,Emergency accommodation,NT,535.0
2025-09-01,Homeless,NT,1615.0
2025-09-01,At risk of homelessness,NT,1349.0
2025-08-01,Indigenous,NT,2601.0
2025-08-01,FDV,NT,1229.0
2025-08-01,Mental health,NT,333.0
2025-08-01,Drug or alcohol issues,NT,161.0
2025-08-01,Financial assistance for accommodation,NT,21.0
2025-08-01,Nights in emergency accommodation,NT,4686.0
2025-08-01,Emergency accommodation,NT,594.0
2025-08-01,Homeless,NT,1593.0
2025-08-01,At risk of homelessness,NT,1237.0
2025-07-01,Indigenous,NT,2598.0
2025-07-01,FDV,NT,1178.0
2025-07-01,Mental health,NT,357.0
2025-07-01,Drug or alcohol issues,NT,170.0
2025-07-01,Financial assistance for accommodation,NT,23.0
2025-07-01,Nights in emergency accommodation,NT,4262.0
2025-07-01,Emergency accommodation,NT,490.0
2025-07-01,Homeless,NT,1597.0
2025-07-01,At risk of homelessness,NT,1239.0
2025-06-01,Indigenous,NT,2613.0
2025-06-01,FDV,NT,1151.0
2025-06-01,Mental health,NT,321.0
2025-06-01,Drug or alcohol issues,NT,156.0
2025-06-01,Financial assistance for accommodation,NT,20.0
2025-06-01,Nights in emergency accommodation,NT,4323.0
2025-06-01,Emergency accommodation,NT,492.0
2025-06-01,Homeless,NT,1628.0
2025-06-01,At risk of homelessness,NT,1237.0
2025-05-01,Indigenous,NT,2628.0
2025-05-01,FDV,NT,1191.0
2025-05-01,Mental health,NT,330.0
2025-05-01,Drug or alcohol issues,NT,161.0
2025-05-01,Financial assistance for accommodation,NT,19.0
2025-05-01,Nights in emergency accommodation,NT,4333.0
2025-05-01,Emergency accommodation,NT,507.0
2025-05-01,Homeless,NT,1574.0
2025-05-01,At risk of homelessness,NT,1291.0
2025-04-01,Indigenous,NT,2935.0
2025-04-01,FDV,NT,1162.0
2025-04-01,Mental health,NT,324.0
2025-04-01,Drug or alcohol issues,NT,141.0
2025-04-01,Financial assistance for accommodation,NT,30.0
2025-04-01,Nights in emergency accommodation,NT,4008.0
2025-04-01,Emergency accommodation,NT,485.0
2025-04-01,Homeless,NT,1568.0
2025-04-01,At risk of homelessness,NT,1580.0
2025-03-01,Indigenous,NT,3118.0
2025-03-01,FDV,NT,1198.0
2025-03-01,Mental health,NT,333.0
2025-03-01,Drug or alcohol issues,NT,147.0
2025-03-01,Financial assistance for accommodation,NT,23.0
2025-03-01,Nights in emergency accommodation,NT,4807.0
2025-03-01,Emergency accommodation,NT,583.0
2025-03-01,Homeless,NT,1572.0
2025-03-01,At risk of homelessness,NT,1797.0
2025-02-01,Indigenous,NT,2993.0
2025-02-01,FDV,NT,1190.0
2025-02-01,Mental health,NT,327.0
2025-02-01,Drug or alcohol issues,NT,151.0
2025-02-01,Financial assistance for accommodation,NT,31.0
2025-02-01,Nights in emergency accommodation,NT,4827.0
2025-02-01,Emergency accommodation,NT,572.0
2025-02-01,Homeless,NT,1577.0
2025-02-01,At risk of homelessness,NT,1718.0
2025-01-01,Indigenous,NT,3092.0
2025-01-01,FDV,NT,1316.0
2025-01-01,Mental health,NT,334.0
2025-01-01,Drug or alcohol issues,NT,160.0
2025-01-01,Financial assistance for accommodation,NT,35.0
2025-01-01,Nights in emergency accommodation,NT,4999.0
2025-01-01,Emergency accommodation,NT,607.0
2025-01-01,Homeless,NT,1652.0
2025-01-01,At risk of homelessness,NT,1719.0
2024-12-01,Indigenous,NT,2920.0
2024-12-01,FDV,NT,1278.0
2024-12-01,Mental health,NT,307.0
2024-12-01,Drug or alcohol issues,NT,176.0
2024-12-01,Financial assistance for accommodation,NT,21.0
2024-12-01,Nights in emergency accommodation,NT,4666.0
2024-12-01,Emergency accommodation,NT,636.0
2024-12-01,Homeless,NT,1597.0
2024-12-01,At risk of homelessness,NT,1655.0
2024-11-01,Indigenous,NT,3131.0
2024-11-01,FDV,NT,1308.0
2024-11-01,Mental health,NT,336.0
2024-11-01,Drug or alcohol issues,NT,156.0
2024-11-01,Financial assistance for accommodation,NT,37.0
2024-11-01,Nights in emergency accommodation,NT,4574.0
2024-11-01,Emergency accommodation,NT,590.0
2024-11-01,Homeless,NT,1783.0
2024-11-01,At risk of homelessness,NT,1665.0
2024-10-01,Indigenous,NT,3100.0
2024-10-01,FDV,NT,1386.0
2024-10-01,Mental health,NT,340.0
2024-10-01,Drug or alcohol issues,NT,183.0
2024-10-01,Financial assistance for accommodation,NT,16.0
2024-10-01,Nights in emergency accommodation,NT,4835.0
2024-10-01,Emergency accommodation,NT,604.0
2024-10-01,Homeless,NT,1813.0
2024-10-01,At risk of homelessness,NT,1493.0
2024-09-01,Indigenous,NT,2928.0
2024-09-01,FDV,NT,1315.0
2024-09-01,Mental health,NT,326.0
2024-09-01,Drug or alcohol issues,NT,186.0
2024-09-01,Financial assistance for accommodation,NT,17.0
2024-09-01,Nights in emergency accommodation,NT,4736.0
2024-09-01,Emergency accommodation,NT,605.0
2024-09-01,Homeless,NT,1702.0
2024-09-01,At risk of homelessness,NT,1392.0
2024-08-01,Indigenous,NT,2848.0
2024-08-01,FDV,NT,1237.0
2024-08-01,Mental health,NT,300.0
2024-08-01,Drug or alcohol issues,NT,168.0
2024-08-01,Financial assistance for accommodation,NT,39.0
2024-08-01,Nights in emergency accommodation,NT,4928.0
2024-08-01,Emergency accommodation,NT,576.0
2024-08-01,Homeless,NT,1787.0
2024-08-01,At risk of homelessness,NT,1346.0
2024-07-01,Indigenous,NT,2695.0
2024-07-01,FDV,NT,1183.0
2024-07-01,Mental health,NT,305.0
2024-07-01,Drug or alcohol issues,NT,164.0
2024-07-01,Financial assistance for accommodation,NT,28.0
2024-07-01,Nights in emergency accommodation,NT,4768.0
2024-07-01,Emergency accommodation,NT,530.0
2024-07-01,Homeless,NT,1690.0
2024-07-01,At risk of homelessness,NT,1322.0
2024-06-01,Indigenous,NT,2650.0
2024-06-01,FDV,NT,1152.0
2024-06-01,Mental health,NT,300.0
2024-06-01,Drug or alcohol issues,NT,142.0
2024-06-01,Financial assistance for accommodation,NT,29.0
2024-06-01,Nights in emergency accommodation,NT,4406.0
2024-06-01,Emergency accommodation,NT,494.0
2024-06-01,Homeless,NT,1705.0
2024-06-01,At risk of homelessness,NT,1278.0
2024-05-01,Indigenous,NT,2729.0
2024-05-01,FDV,NT,1197.0
2024-05-01,Mental health,NT,306.0
2024-05-01,Drug or alcohol issues,NT,170.0
2024-05-01,Financial assistance for accommodation,NT,41.0
2024-05-01,Nights in emergency accommodation,NT,4944.0
2024-05-01,Emergency accommodation,NT,537.0
2024-05-01,Homeless,NT,1769.0
2024-05-01,At risk of homelessness,NT,1352.0
2024-04-01,Indigenous,NT,2742.0
2024-04-01,FDV,NT,1203.0
2024-04-01,Mental health,NT,320.0
2024-04-01,Drug or alcohol issues,NT,148.0
2024-04-01,Financial assistance for accommodation,NT,46.0
2024-04-01,Nights in emergency accommodation,NT,5011.0
2024-04-01,Emergency accommodation,NT,574.0
2024-04-01,Homeless,NT,1777.0
2024-04-01,At risk of homelessness,NT,1363.0
2024-03-01,Indigenous,NT,2730.0
2024-03-01,FDV,NT,1175.0
2024-03-01,Mental health,NT,316.0
2024-03-01,Drug or alcohol issues,NT,149.0
2024-03-01,Financial assistance for accommodation,NT,49.0
2024-03-01,Nights in emergency accommodation,NT,5611.0
2024-03-01,Emergency accommodation,NT,577.0
2024-03-01,Homeless,NT,1807.0
2024-03-01,At risk of homelessness,NT,1304.0
2024-02-01,Indigenous,NT,2793.0
2024-02-01,FDV,NT,1217.0
2024-02-01,Mental health,NT,329.0
2024-02-01,Drug or alcohol issues,NT,178.0
2024-02-01,Financial assistance for accommodation,NT,39.0
2024-02-01,Nights in emergency accommodation,NT,5825.0
2024-02-01,Emergency accommodation,NT,623.0
2024-02-01,Homeless,NT,1885.0
2024-02-01,At risk of homelessness,NT,1270.0
2024-01-01,Indigenous,NT,2728.0
2024-01-01,FDV,NT,1197.0
2024-01-01,Mental health,NT,324.0
2024-01-01,Drug or alcohol issues,NT,176.0
2024-01-01,Financial assistance for accommodation,NT,38.0
2024-01-01,Nights in emergency accommodation,NT,5523.0
2024-01-01,Emergency accommodation,NT,613.0
2024-01-01,Homeless,NT,1816.0
2024-01-01,At risk of homelessness,NT,1217.0
2023-12-01,Indigenous,NT,2644.0
2023-12-01,FDV,NT,1177.0
2023-12-01,Mental health,NT,315.0
2023-12-01,Drug or alcohol issues,NT,190.0
2023-12-01,Financial assistance for accommodation,NT,35.0
2023-12-01,Nights in emergency accommodation,NT,5498.0
2023-12-01,Emergency accommodation,NT,623.0
2023-12-01,Homeless,NT,1784.0
2023-12-01,At risk of homelessness,NT,1207.0
2023-11-01,Indigenous,NT,2697.0
2023-11-01,FDV,NT,1187.0
2023-11-01,Mental health,NT,340.0
2023-11-01,Drug or alcohol issues,NT,197.0
2023-11-01,Financial assistance for accommodation,NT,33.0
2023-11-01,Nights in emergency accommodation,NT,5394.0
2023-11-01,Emergency accommodation,NT,593.0
2023-11-01,Homeless,NT,1861.0
2023-11-01,At risk of homelessness,NT,1249.0
2023-10-01,Indigenous,NT,2769.0
2023-10-01,FDV,NT,1198.0
2023-10-01,Mental health,NT,344.0
2023-10-01,Drug or alcohol issues,NT,193.0
2023-10-01,Financial assistance for accommodation,NT,31.0
2023-10-01,Nights in emergency accommodation,NT,5365.0
2023-10-01,Emergency accommodation,NT,623.0
2023-10-01,Homeless,NT,1923.0
2023-10-01,At risk of homelessness,NT,1283.0
2023-09-01,Indigenous,NT,2734.0
2023-09-01,FDV,NT,1186.0
2023-09-01,Mental health,NT,334.0
2023-09-01,Drug or alcohol issues,NT,188.0
2023-09-01,Financial assistance for accommodation,NT,31.0
2023-09-01,Nights in emergency accommodation,NT,4976.0
2023-09-01,Emergency accommodation,NT,664.0
2023-09-01,Homeless,NT,1900.0
2023-09-01,At risk of homelessness,NT,1253.0
2023-08-01,Indigenous,NT,2756.0
2023-08-01,FDV,NT,1203.0
2023-08-01,Mental health,NT,325.0
2023-08-01,Drug or alcohol issues,NT,223.0
2023-08-01,Financial assistance for accommodation,NT,28.0
2023-08-01,Nights in emergency accommodation,NT,5120.0
2023-08-01,Emergency accommodation,NT,660.0
2023-08-01,Homeless,NT,1918.0
2023-08-01,At risk of homelessness,NT,1265.0
2023-07-01,Indigenous,NT,2690.0
2023-07-01,FDV,NT,1121.0
2023-07-01,Mental health,NT,307.0
2023-07-01,Drug or alcohol issues,NT,225.0
2023-07-01,Financial assistance for accommodation,NT,23.0
2023-07-01,Nights in emergency accommodation,NT,4771.0
2023-07-01,Emergency accommodation,NT,614.0
2023-07-01,Homeless,NT,1463.0
2023-07-01,At risk of homelessness,NT,1153.0
2023-06-01,Indigenous,NT,2662.0
2023-06-01,FDV,NT,1161.0
2023-06-01,Mental health,NT,321.0
2023-06-01,Drug or alcohol issues,NT,214.0
2023-06-01,Financial assistance for accommodation,NT,24.0
2023-06-01,Nights in emergency accommodation,NT,5202.0
2023-06-01,Emergency accommodation,NT,586.0
2023-06-01,Homeless,NT,1435.0
2023-06-01,At risk of homelessness,NT,1213.0
2023-05-01,Indigenous,NT,2695.0
2023-05-01,FDV,NT,1130.0
2023-05-01,Mental health,NT,331.0
2023-05-01,Drug or alcohol issues,NT,183.0
2023-05-01,Financial assistance for accommodation,NT,33.0
2023-05-01,Nights in emergency accommodation,NT,5507.0
2023-05-01,Emergency accommodation,NT,584.0
2023-05-01,Homeless,NT,1436.0
2023-05-01,At risk of homelessness,NT,1172.0
2023-04-01,Indigenous,NT,2528.0
2023-04-01,FDV,NT,1036.0
2023-04-01,Mental health,NT,289.0
2023-04-01,Drug or alcohol issues,NT,176.0
2023-04-01,Financial assistance for accommodation,NT,27.0
2023-04-01,Nights in emergency accommodation,NT,5187.0
2023-04-01,Emergency accommodation,NT,559.0
2023-04-01,Homeless,NT,1381.0
2023-04-01,At risk of homelessness,NT,1205.0
2023-03-01,Indigenous,NT,2586.0
2023-03-01,FDV,NT,1185.0
2023-03-01,Mental health,NT,313.0
2023-03-01,Drug or alcohol issues,NT,179.0
2023-03-01,Financial assistance for accommodation,NT,43.0
2023-03-01,Nights in emergency accommodation,NT,5284.0
2023-03-01,Emergency accommodation,NT,645.0
2023-03-01,Homeless,NT,1489.0
2023-03-01,At risk of homelessness,NT,1247.0
2023-02-01,Indigenous,NT,2521.0
2023-02-01,FDV,NT,1151.0
2023-02-01,Mental health,NT,315.0
2023-02-01,Drug or alcohol issues,NT,195.0
2023-02-01,Financial assistance for accommodation,NT,29.0
2023-02-01,Nights in emergency accommodation,NT,4807.0
2023-02-01,Emergency accommodation,NT,628.0
2023-02-01,Homeless,NT,1418.0
2023-02-01,At risk of homelessness,NT,1307.0
2023-01-01,Indigenous,NT,2526.0
2023-01-01,FDV,NT,1190.0
2023-01-01,Mental health,NT,304.0
2023-01-01,Drug or alcohol issues,NT,184.0
2023-01-01,Financial assistance for accommodation,NT,29.0
2023-01-01,Nights in emergency accommodation,NT,5930.0
2023-01-01,Emergency accommodation,NT,713.0
2023-01-01,Homeless,NT,1471.0
2023-01-01,At risk of homelessness,NT,1291.0
2022-12-01,Indigenous,NT,2490.0
2022-12-01,FDV,NT,1145.0
2022-12-01,Mental health,NT,321.0
2022-12-01,Drug or alcohol issues,NT,178.0
2022-12-01,Financial assistance for accommodation,NT,32.0
2022-12-01,Nights in emergency accommodation,NT,5734.0
2022-12-01,Emergency accommodation,NT,651.0
2022-12-01,Homeless,NT,1419.0
2022-12-01,At risk of homelessness,NT,1324.0
2022-11-01,Indigenous,NT,2538.0
2022-11-01,FDV,NT,1178.0
2022-11-01,Mental health,NT,317.0
2022-11-01,Drug or alcohol issues,NT,186.0
2022-11-01,Financial assistance for accommodation,NT,37.0
2022-11-01,Nights in emergency accommodation,NT,5914.0
2022-11-01,Emergency accommodation,NT,697.0
2022-11-01,Homeless,NT,1444.0
2022-11-01,At risk of homelessness,NT,1369.0
2022-10-01,Indigenous,NT,2396.0
2022-10-01,FDV,NT,1085.0
2022-10-01,Mental health,NT,304.0
2022-10-01,Drug or alcohol issues,NT,173.0
2022-10-01,Financial assistance for accommodation,NT,35.0
2022-10-01,Nights in emergency accommodation,NT,6417.0
2022-10-01,Emergency accommodation,NT,651.0
2022-10-01,Homeless,NT,1406.0
2022-10-01,At risk of homelessness,NT,1252.0
2022-09-01,Indigenous,NT,2369.0
2022-09-01,FDV,NT,1101.0
2022-09-01,Mental health,NT,308.0
2022-09-01,Drug or alcohol issues,NT,185.0
2022-09-01,Financial assistance for accommodation,NT,25.0
2022-09-01,Nights in emergency accommodation,NT,6183.0
2022-09-01,Emergency accommodation,NT,620.0
2022-09-01,Homeless,NT,1307.0
2022-09-01,At risk of homelessness,NT,1359.0
2022-08-01,Indigenous,NT,2372.0
2022-08-01,FDV,NT,1060.0
2022-08-01,Mental health,NT,297.0
2022-08-01,Drug or alcohol issues,NT,180.0
2022-08-01,Financial assistance for accommodation,NT,27.0
2022-08-01,Nights in emergency accommodation,NT,6037.0
2022-08-01,Emergency accommodation,NT,591.0
2022-08-01,Homeless,NT,1316.0
2022-08-01,At risk of homelessness,NT,1359.0
2022-07-01,Indigenous,NT,2351.0
2022-07-01,FDV,NT,1035.0
2022-07-01,Mental health,NT,277.0
2022-07-01,Drug or alcohol issues,NT,154.0
2022-07-01,Financial assistance for accommodation,NT,24.0
2022-07-01,Nights in emergency accommodation,NT,6322.0
2022-07-01,Emergency accommodation,NT,615.0
2022-07-01,Homeless,NT,1334.0
2022-07-01,At risk of homelessness,NT,1319.0
2022-06-01,Indigenous,NT,2528.0
2022-06-01,FDV,NT,1154.0
2022-06-01,Mental health,NT,313.0
2022-06-01,Drug or alcohol issues,NT,177.0
2022-06-01,Financial assistance for accommodation,NT,28.0
2022-06-01,Nights in emergency accommodation,NT,6025.0
2022-06-01,Emergency accommodation,NT,615.0
2022-06-01,Homeless,NT,1441.0
2022-06-01,At risk of homelessness,NT,1432.0
2022-05-01,Indigenous,NT,2623.0
2022-05-01,FDV,NT,1118.0
2022-05-01,Mental health,NT,311.0
2022-05-01,Drug or alcohol issues,NT,172.0
2022-05-01,Financial assistance for accommodation,NT,39.0
2022-05-01,Nights in emergency accommodation,NT,5867.0
2022-05-01,Emergency accommodation,NT,559.0
2022-05-01,Homeless,NT,1389.0
2022-05-01,At risk of homelessness,NT,1416.0
2022-04-01,Indigenous,NT,2529.0
2022-04-01,FDV,NT,1107.0
2022-04-01,Mental health,NT,299.0
2022-04-01,Drug or alcohol issues,NT,192.0
2022-04-01,Financial assistance for accommodation,NT,48.0
2022-04-01,Nights in emergency accommodation,NT,5436.0
2022-04-01,Emergency accommodation,NT,554.0
2022-04-01,Homeless,NT,1322.0
2022-04-01,At risk of homelessness,NT,1405.0
2022-03-01,Indigenous,NT,2526.0
2022-03-01,FDV,NT,1138.0
2022-03-01,Mental health,NT,301.0
2022-03-01,Drug or alcohol issues,NT,201.0
2022-03-01,Financial assistance for accommodation,NT,59.0
2022-03-01,Nights in emergency accommodation,NT,5732.0
2022-03-01,Emergency accommodation,NT,593.0
2022-03-01,Homeless,NT,1293.0
2022-03-01,At risk of homelessness,NT,1498.0
2022-02-01,Indigenous,NT,2229.0
2022-02-01,FDV,NT,909.0
2022-02-01,Mental health,NT,291.0
2022-02-01,Drug or alcohol issues,NT,182.0
2022-02-01,Financial assistance for accommodation,NT,45.0
2022-02-01,Nights in emergency accommodation,NT,4518.0
2022-02-01,Emergency accommodation,NT,405.0
2022-02-01,Homeless,NT,1160.0
2022-02-01,At risk of homelessness,NT,1393.0
2022-01-01,Indigenous,NT,2355.0
2022-01-01,FDV,NT,1036.0
2022-01-01,Mental health,NT,297.0
2022-01-01,Drug or alcohol issues,NT,179.0
2022-01-01,Financial assistance for accommodation,NT,46.0
2022-01-01,Nights in emergency accommodation,NT,5427.0
2022-01-01,Emergency accommodation,NT,475.0
2022-01-01,Homeless,NT,1170.0
2022-01-01,At risk of homelessness,NT,1499.0
2021-12-01,Indigenous,NT,2576.0
2021-12-01,FDV,NT,1203.0
2021-12-01,Mental health,NT,319.0
2021-12-01,Drug or alcohol issues,NT,202.0
2021-12-01,Financial assistance for accommodation,NT,37.0
2021-12-01,Nights in emergency accommodation,NT,6025.0
2021-12-01,Emergency accommodation,NT,609.0
2021-12-01,Homeless,NT,1300.0
2021-12-01,At risk of homelessness,NT,1642.0
2021-11-01,Indigenous,NT,2688.0
2021-11-01,FDV,NT,1254.0
2021-11-01,Mental health,NT,348.0
2021-11-01,Drug or alcohol issues,NT,220.0
2021-11-01,Financial assistance for accommodation,NT,48.0
2021-11-01,Nights in emergency accommodation,NT,5881.0
2021-11-01,Emergency accommodation,NT,582.0
2021-11-01,Homeless,NT,1337.0
2021-11-01,At risk of homelessness,NT,1726.0
2021-10-01,Indigenous,NT,2763.0
2021-10-01,FDV,NT,1289.0
2021-10-01,Mental health,NT,327.0
2021-10-01,Drug or alcohol issues,NT,233.0
2021-10-01,Financial assistance for accommodation,NT,17.0
2021-10-01,Nights in emergency accommodation,NT,5937.0
2021-10-01,Emergency accommodation,NT,605.0
2021-10-01,Homeless,NT,1375.0
2021-10-01,At risk of homelessness,NT,1717.0
2021-09-01,Indigenous,NT,2822.0
2021-09-01,FDV,NT,1335.0
2021-09-01,Mental health,NT,330.0
2021-09-01,Drug or alcohol issues,NT,208.0
2021-09-01,Financial assistance for accommodation,NT,30.0
2021-09-01,Nights in emergency accommodation,NT,5809.0
2021-09-01,Emergency accommodation,NT,640.0
2021-09-01,Homeless,NT,1382.0
2021-09-01,At risk of homelessness,NT,1774.0
2021-08-01,Indigenous,NT,2691.0
2021-08-01,FDV,NT,1180.0
2021-08-01,Mental health,NT,315.0
2021-08-01,Drug or alcohol issues,NT,213.0
2021-08-01,Financial assistance for accommodation,NT,26.0
2021-08-01,Nights in emergency accommodation,NT,5473.0
2021-08-01,Emergency accommodation,NT,578.0
2021-08-01,Homeless,NT,1321.0
2021-08-01,At risk of homelessness,NT,1670.0
2021-07-01,Indigenous,NT,2710.0
2021-07-01,FDV,NT,1224.0
2021-07-01,Mental health,NT,318.0
2021-07-01,Drug or alcohol issues,NT,195.0
2021-07-01,Financial assistance for accommodation,NT,22.0
2021-07-01,Nights in emergency accommodation,NT,5980.0
2021-07-01,Emergency accommodation,NT,532.0
2021-07-01,Homeless,NT,1279.0
2021-07-01,At risk of homelessness,NT,1768.0
2021-06-01,Indigenous,NT,2687.0
2021-06-01,FDV,NT,1220.0
2021-06-01,Mental health,NT,325.0
2021-06-01,Drug or alcohol issues,NT,185.0
2021-06-01,Financial assistance for accommodation,NT,27.0
2021-06-01,Nights in emergency accommodation,NT,5523.0
2021-06-01,Emergency accommodation,NT,531.0
2021-06-01,Homeless,NT,1153.0
2021-06-01,At risk of homelessness,NT,1827.0
2021-05-01,Indigenous,NT,2665.0
2021-05-01,FDV,NT,1177.0
2021-05-01,Mental health,NT,307.0
2021-05-01,Drug or alcohol issues,NT,184.0
2021-05-01,Financial assistance for accommodation,NT,38.0
2021-05-01,Nights in emergency accommodation,NT,5497.0
2021-05-01,Emergency accommodation,NT,537.0
2021-05-01,Homeless,NT,1163.0
2021-05-01,At risk of homelessness,NT,1735.0
2021-04-01,Indigenous,NT,2691.0
2021-04-01,FDV,NT,1230.0
2021-04-01,Mental health,NT,288.0
2021-04-01,Drug or alcohol issues,NT,182.0
2021-04-01,Financial assistance for accommodation,NT,41.0
2021-04-01,Nights in emergency accommodation,NT,5801.0
2021-04-01,Emergency accommodation,NT,587.0
2021-04-01,Homeless,NT,1211.0
2021-04-01,At risk of homelessness,NT,1705.0
2021-03-01,Indigenous,NT,2749.0
2021-03-01,FDV,NT,1253.0
2021-03-01,Mental health,NT,326.0
2021-03-01,Drug or alcohol issues,NT,212.0
2021-03-01,Financial assistance for accommodation,NT,56.0
2021-03-01,Nights in emergency accommodation,NT,6213.0
2021-03-01,Emergency accommodation,NT,632.0
2021-03-01,Homeless,NT,1259.0
2021-03-01,At risk of homelessness,NT,1764.0
2021-02-01,Indigenous,NT,2701.0
2021-02-01,FDV,NT,1263.0
2021-02-01,Mental health,NT,313.0
2021-02-01,Drug or alcohol issues,NT,204.0
2021-02-01,Financial assistance for accommodation,NT,54.0
2021-02-01,Nights in emergency accommodation,NT,5903.0
2021-02-01,Emergency accommodation,NT,585.0
2021-02-01,Homeless,NT,1206.0
2021-02-01,At risk of homelessness,NT,1775.0
2021-01-01,Indigenous,NT,2812.0
2021-01-01,FDV,NT,1321.0
2021-01-01,Mental health,NT,314.0
2021-01-01,Drug or alcohol issues,NT,199.0
2021-01-01,Financial assistance for accommodation,NT,33.0
2021-01-01,Nights in emergency accommodation,NT,6928.0
2021-01-01,Emergency accommodation,NT,676.0
2021-01-01,Homeless,NT,1303.0
2021-01-01,At risk of homelessness,NT,1742.0
2020-12-01,Indigenous,NT,2728.0
2020-12-01,FDV,NT,1338.0
2020-12-01,Mental health,NT,316.0
2020-12-01,Drug or alcohol issues,NT,206.0
2020-12-01,Financial assistance for accommodation,NT,47.0
2020-12-01,Nights in emergency accommodation,NT,6580.0
2020-12-01,Emergency accommodation,NT,615.0
2020-12-01,Homeless,NT,1271.0
2020-12-01,At risk of homelessness,NT,1692.0
2020-11-01,Indigenous,NT,2822.0
2020-11-01,FDV,NT,1393.0
2020-11-01,Mental health,NT,348.0
2020-11-01,Drug or alcohol issues,NT,217.0
2020-11-01,Financial assistance for accommodation,NT,43.0
2020-11-01,Nights in emergency accommodation,NT,5597.0
2020-11-01,Emergency accommodation,NT,672.0
2020-11-01,Homeless,NT,1210.0
2020-11-01,At risk of homelessness,NT,1818.0
2020-10-01,Indigenous,NT,2710.0
2020-10-01,FDV,NT,1207.0
2020-10-01,Mental health,NT,350.0
2020-10-01,Drug or alcohol issues,NT,238.0
2020-10-01,Financial assistance for accommodation,NT,50.0
2020-10-01,Nights in emergency accommodation,NT,5713.0
2020-10-01,Emergency accommodation,NT,569.0
2020-10-01,Homeless,NT,1248.0
2020-10-01,At risk of homelessness,NT,1677.0
2020-09-01,Indigenous,NT,2620.0
2020-09-01,FDV,NT,1212.0
2020-09-01,Mental health,NT,321.0
2020-09-01,Drug or alcohol issues,NT,232.0
2020-09-01,Financial assistance for accommodation,NT,61.0
2020-09-01,Nights in emergency accommodation,NT,5447.0
2020-09-01,Emergency accommodation,NT,599.0
2020-09-01,Homeless,NT,1198.0
2020-09-01,At risk of homelessness,NT,1691.0
2020-08-01,Indigenous,NT,2504.0
2020-08-01,FDV,NT,1056.0
2020-08-01,Mental health,NT,294.0
2020-08-01,Drug or alcohol issues,NT,237.0
2020-08-01,Financial assistance for accommodation,NT,27.0
2020-08-01,Nights in emergency accommodation,NT,4822.0
2020-08-01,Emergency accommodation,NT,463.0
2020-08-01,Homeless,NT,1105.0
2020-08-01,At risk of homelessness,NT,1559.0
2020-07-01,Indigenous,NT,2479.0
2020-07-01,FDV,NT,1015.0
2020-07-01,Mental health,NT,280.0
2020-07-01,Drug or alcohol issues,NT,238.0
2020-07-01,Financial assistance for accommodation,NT,27.0
2020-07-01,Nights in emergency accommodation,NT,4498.0
2020-07-01,Emergency accommodation,NT,426.0
2020-07-01,Homeless,NT,1076.0
2020-07-01,At risk of homelessness,NT,1519.0
2020-06-01,Indigenous,NT,2584.0
2020-06-01,FDV,NT,1036.0
2020-06-01,Mental health,NT,285.0
2020-06-01,Drug or alcohol issues,NT,224.0
2020-06-01,Financial assistance for accommodation,NT,27.0
2020-06-01,Nights in emergency accommodation,NT,4205.0
2020-06-01,Emergency accommodation,NT,419.0
2020-06-01,Homeless,NT,1137.0
2020-06-01,At risk of homelessness,NT,1564.0
2020-05-01,Indigenous,NT,2668.0
2020-05-01,FDV,NT,909.0
2020-05-01,Mental health,NT,277.0
2020-05-01,Drug or alcohol issues,NT,205.0
2020-05-01,Financial assistance for accommodation,NT,16.0
2020-05-01,Nights in emergency accommodation,NT,3459.0
2020-05-01,Emergency accommodation,NT,351.0
2020-05-01,Homeless,NT,1078.0
2020-05-01,At risk of homelessness,NT,1465.0
2020-04-01,Indigenous,NT,2704.0
2020-04-01,FDV,NT,935.0
2020-04-01,Mental health,NT,307.0
2020-04-01,Drug or alcohol issues,NT,206.0
2020-04-01,Financial assistance for accommodation,NT,9.0
2020-04-01,Nights in emergency accommodation,NT,3377.0
2020-04-01,Emergency accommodation,NT,343.0
2020-04-01,Homeless,NT,1026.0
2020-04-01,At risk of homelessness,NT,1578.0
2020-03-01,Indigenous,NT,2702.0
2020-03-01,FDV,NT,1018.0
2020-03-01,Mental health,NT,329.0
2020-03-01,Drug or alcohol issues,NT,232.0
2020-03-01,Financial assistance for accommodation,NT,33.0
2020-03-01,Nights in emergency accommodation,NT,5131.0
2020-03-01,Emergency accommodation,NT,506.0
2020-03-01,Homeless,NT,1109.0
2020-03-01,At risk of homelessness,NT,1681.0
2020-02-01,Indigenous,NT,2678.0
2020-02-01,FDV,NT,987.0
2020-02-01,Mental health,NT,295.0
2020-02-01,Drug or alcohol issues,NT,235.0
2020-02-01,Financial assistance for accommodation,NT,17.0
2020-02-01,Nights in emergency accommodation,NT,5095.0
2020-02-01,Emergency accommodation,NT,552.0
2020-02-01,Homeless,NT,1157.0
2020-02-01,At risk of homelessness,NT,1648.0
2020-01-01,Indigenous,NT,2650.0
2020-01-01,FDV,NT,968.0
2020-01-01,Mental health,NT,302.0
2020-01-01,Drug or alcohol issues,NT,230.0
2020-01-01,Financial assistance for accommodation,NT,30.0
2020-01-01,Nights in emergency accommodation,NT,5315.0
2020-01-01,Emergency accommodation,NT,554.0
2020-01-01,Homeless,NT,1155.0
2020-01-01,At risk of homelessness,NT,1564.0
2019-12-01,Indigenous,NT,2627.0
2019-12-01,FDV,NT,1002.0
2019-12-01,Mental health,NT,283.0
2019-12-01,Drug or alcohol issues,NT,227.0
2019-12-01,Financial assistance for accommodation,NT,28.0
2019-12-01,Nights in emergency accommodation,NT,4829.0
2019-12-01,Emergency accommodation,NT,552.0
2019-12-01,Homeless,NT,1106.0
2019-12-01,At risk of homelessness,NT,1599.0
2019-11-01,Indigenous,NT,2744.0
2019-11-01,FDV,NT,1051.0
2019-11-01,Mental health,NT,330.0
2019-11-01,Drug or alcohol issues,NT,269.0
2019-11-01,Financial assistance for accommodation,NT,22.0
2019-11-01,Nights in emergency accommodation,NT,5185.0
2019-11-01,Emergency accommodation,NT,569.0
2019-11-01,Homeless,NT,1287.0
2019-11-01,At risk of homelessness,NT,1636.0
2019-10-01,Indigenous,NT,2841.0
2019-10-01,FDV,NT,1099.0
2019-10-01,Mental health,NT,338.0
2019-10-01,Drug or alcohol issues,NT,251.0
2019-10-01,Financial assistance for accommodation,NT,35.0
2019-10-01,Nights in emergency accommodation,NT,5543.0
2019-10-01,Emergency accommodation,NT,578.0
2019-10-01,Homeless,NT,1361.0
2019-10-01,At risk of homelessness,NT,1637.0
2019-09-01,Indigenous,NT,2679.0
2019-09-01,FDV,NT,998.0
2019-09-01,Mental health,NT,338.0
2019-09-01,Drug or alcohol issues,NT,253.0
2019-09-01,Financial assistance for accommodation,NT,37.0
2019-09-01,Nights in emergency accommodation,NT,5445.0
2019-09-01,Emergency accommodation,NT,493.0
2019-09-01,Homeless,NT,1142.0
2019-09-01,At risk of homelessness,NT,1566.0
2019-08-01,Indigenous,NT,2627.0
2019-08-01,FDV,NT,993.0
2019-08-01,Mental health,NT,300.0
2019-08-01,Drug or alcohol issues,NT,265.0
2019-08-01,Financial assistance for accommodation,NT,27.0
2019-08-01,Nights in emergency accommodation,NT,5736.0
2019-08-01,Emergency accommodation,NT,516.0
2019-08-01,Homeless,NT,1089.0
2019-08-01,At risk of homelessness,NT,1600.0
2019-07-01,Indigenous,NT,2701.0
2019-07-01,FDV,NT,992.0
2019-07-01,Mental health,NT,302.0
2019-07-01,Drug or alcohol issues,NT,226.0
2019-07-01,Financial assistance for accommodation,NT,18.0
2019-07-01,Nights in emergency accommodation,NT,5469.0
2019-07-01,Emergency accommodation,NT,525.0
2019-07-01,Homeless,NT,1065.0
2019-07-01,At risk of homelessness,NT,1543.0
2019-06-01,Indigenous,NT,2656.0
2019-06-01,FDV,NT,932.0
2019-06-01,Mental health,NT,309.0
2019-06-01,Drug or alcohol issues,NT,263.0
2019-06-01,Financial assistance for accommodation,NT,17.0
2019-06-01,Nights in emergency accommodation,NT,5903.0
2019-06-01,Emergency accommodation,NT,513.0
2019-06-01,Homeless,NT,1055.0
2019-06-01,At risk of homelessness,NT,1569.0
2019-05-01,Indigenous,NT,2682.0
2019-05-01,FDV,NT,1035.0
2019-05-01,Mental health,NT,308.0
2019-05-01,Drug or alcohol issues,NT,246.0
2019-05-01,Financial assistance for accommodation,NT,21.0
2019-05-01,Nights in emergency accommodation,NT,6788.0
2019-05-01,Emergency accommodation,NT,577.0
2019-05-01,Homeless,NT,1174.0
2019-05-01,At risk of homelessness,NT,1691.0
2019-04-01,Indigenous,NT,2599.0
2019-04-01,FDV,NT,1017.0
2019-04-01,Mental health,NT,307.0
2019-04-01,Drug or alcohol issues,NT,249.0
2019-04-01,Financial assistance for accommodation,NT,17.0
2019-04-01,Nights in emergency accommodation,NT,6213.0
2019-04-01,Emergency accommodation,NT,541.0
2019-04-01,Homeless,NT,1229.0
2019-04-01,At risk of homelessness,NT,1637.0
2019-03-01,Indigenous,NT,2748.0
2019-03-01,FDV,NT,1094.0
2019-03-01,Mental health,NT,316.0
2019-03-01,Drug or alcohol issues,NT,260.0
2019-03-01,Financial assistance for accommodation,NT,26.0
2019-03-01,Nights in emergency accommodation,NT,6572.0
2019-03-01,Emergency accommodation,NT,615.0
2019-03-01,Homeless,NT,1311.0
2019-03-01,At risk of homelessness,NT,1740.0
2019-02-01,Indigenous,NT,2610.0
2019-02-01,FDV,NT,976.0
2019-02-01,Mental health,NT,325.0
2019-02-01,Drug or alcohol issues,NT,249.0
2019-02-01,Financial assistance for accommodation,NT,27.0
2019-02-01,Nights in emergency accommodation,NT,6075.0
2019-02-01,Emergency accommodation,NT,545.0
2019-02-01,Homeless,NT,1257.0
2019-02-01,At risk of homelessness,NT,1604.0
2019-01-01,Indigenous,NT,2680.0
2019-01-01,FDV,NT,1119.0
2019-01-01,Mental health,NT,326.0
2019-01-01,Drug or alcohol issues,NT,258.0
2019-01-01,Financial assistance for accommodation,NT,38.0
2019-01-01,Nights in emergency accommodation,NT,7051.0
2019-01-01,Emergency accommodation,NT,618.0
2019-01-01,Homeless,NT,1253.0
2019-01-01,At risk of homelessness,NT,1676.0
2018-12-01,Indigenous,NT,2498.0
2018-12-01,FDV,NT,1109.0
2018-12-01,Mental health,NT,299.0
2018-12-01,Drug or alcohol issues,NT,254.0
2018-12-01,Financial assistance for accommodation,NT,33.0
2018-12-01,Nights in emergency accommodation,NT,7214.0
2018-12-01,Emergency accommodation,NT,661.0
2018-12-01,Homeless,NT,1203.0
2018-12-01,At risk of homelessness,NT,1682.0
2018-11-01,Indigenous,NT,2659.0
2018-11-01,FDV,NT,1168.0
2018-11-01,Mental health,NT,319.0
2018-11-01,Drug or alcohol issues,NT,270.0
2018-11-01,Financial assistance for accommodation,NT,28.0
2018-11-01,Nights in emergency accommodation,NT,7205.0
2018-11-01,Emergency accommodation,NT,606.0
2018-11-01,Homeless,NT,1246.0
2018-11-01,At risk of homelessness,NT,1809.0
2018-10-01,Indigenous,NT,2639.0
2018-10-01,FDV,NT,1095.0
2018-10-01,Mental health,NT,304.0
2018-10-01,Drug or alcohol issues,NT,273.0
2018-10-01,Financial assistance for accommodation,NT,44.0
2018-10-01,Nights in emergency accommodation,NT,6736.0
2018-10-01,Emergency accommodation,NT,605.0
2018-10-01,Homeless,NT,1251.0
2018-10-01,At risk of homelessness,NT,1746.0
2018-09-01,Indigenous,NT,2551.0
2018-09-01,FDV,NT,1014.0
2018-09-01,Mental health,NT,302.0
2018-09-01,Drug or alcohol issues,NT,285.0
2018-09-01,Financial assistance for accommodation,NT,21.0
2018-09-01,Nights in emergency accommodation,NT,6334.0
2018-09-01,Emergency accommodation,NT,562.0
2018-09-01,Homeless,NT,1246.0
2018-09-01,At risk of homelessness,NT,1657.0
2018-08-01,Indigenous,NT,2627.0
2018-08-01,FDV,NT,1091.0
2018-08-01,Mental health,NT,310.0
2018-08-01,Drug or alcohol issues,NT,288.0
2018-08-01,Financial assistance for accommodation,NT,32.0
2018-08-01,Nights in emergency accommodation,NT,6248.0
2018-08-01,Emergency accommodation,NT,599.0
2018-08-01,Homeless,NT,1214.0
2018-08-01,At risk of homelessness,NT,1780.0
2018-07-01,Indigenous,NT,2447.0
2018-07-01,FDV,NT,1007.0
2018-07-01,Mental health,NT,296.0
2018-07-01,Drug or alcohol issues,NT,282.0
2018-07-01,Financial assistance for accommodation,NT,42.0
2018-07-01,Nights in emergency accommodation,NT,5640.0
2018-07-01,Emergency accommodation,NT,484.0
2018-07-01,Homeless,NT,1142.0
2018-07-01,At risk of homelessness,NT,1650.0
2018-06-01,Indigenous,NT,2504.0
2018-06-01,FDV,NT,1070.0
2018-06-01,Mental health,NT,317.0
2018-06-01,Drug or alcohol issues,NT,279.0
2018-06-01,Financial assistance for accommodation,NT,50.0
2018-06-01,Nights in emergency accommodation,NT,5387.0
2018-06-01,Emergency accommodation,NT,511.0
2018-06-01,Homeless,NT,1109.0
2018-06-01,At risk of homelessness,NT,1710.0
2018-05-01,Indigenous,NT,2481.0
2018-05-01,FDV,NT,993.0
2018-05-01,Mental health,NT,307.0
2018-05-01,Drug or alcohol issues,NT,284.0
2018-05-01,Financial assistance for accommodation,NT,46.0
2018-05-01,Nights in emergency accommodation,NT,5517.0
2018-05-01,Emergency accommodation,NT,513.0
2018-05-01,Homeless,NT,1112.0
2018-05-01,At risk of homelessness,NT,1748.0
2018-04-01,Indigenous,NT,2460.0
2018-04-01,FDV,NT,1027.0
2018-04-01,Mental health,NT,300.0
2018-04-01,Drug or alcohol issues,NT,274.0
2018-04-01,Financial assistance for accommodation,NT,14.0
2018-04-01,Nights in emergency accommodation,NT,5593.0
2018-04-01,Emergency accommodation,NT,567.0
2018-04-01,Homeless,NT,1060.0
2018-04-01,At risk of homelessness,NT,1769.0
2018-03-01,Indigenous,NT,2486.0
2018-03-01,FDV,NT,963.0
2018-03-01,Mental health,NT,307.0
2018-03-01,Drug or alcohol issues,NT,275.0
2018-03-01,Financial assistance for accommodation,NT,18.0
2018-03-01,Nights in emergency accommodation,NT,5244.0
2018-03-01,Emergency accommodation,NT,576.0
2018-03-01,Homeless,NT,1001.0
2018-03-01,At risk of homelessness,NT,1687.0
2018-02-01,Indigenous,NT,2440.0
2018-02-01,FDV,NT,998.0
2018-02-01,Mental health,NT,294.0
2018-02-01,Drug or alcohol issues,NT,263.0
2018-02-01,Financial assistance for accommodation,NT,18.0
2018-02-01,Nights in emergency accommodation,NT,5140.0
2018-02-01,Emergency accommodation,NT,595.0
2018-02-01,Homeless,NT,968.0
2018-02-01,At risk of homelessness,NT,1670.0
2018-01-01,Indigenous,NT,2631.0
2018-01-01,FDV,NT,1030.0
2018-01-01,Mental health,NT,303.0
2018-01-01,Drug or alcohol issues,NT,299.0
2018-01-01,Financial assistance for accommodation,NT,23.0
2018-01-01,Nights in emergency accommodation,NT,5755.0
2018-01-01,Emergency accommodation,NT,645.0
2018-01-01,Homeless,NT,996.0
2018-01-01,At risk of homelessness,NT,1890.0
2017-12-01,Indigenous,NT,2560.0
2017-12-01,FDV,NT,986.0
2017-12-01,Mental health,NT,307.0
2017-12-01,Drug or alcohol issues,NT,293.0
2017-12-01,Financial assistance for accommodation,NT,12.0
2017-12-01,Nights in emergency accommodation,NT,5261.0
2017-12-01,Emergency accommodation,NT,640.0
2017-12-01,Homeless,NT,966.0
2017-12-01,At risk of homelessness,NT,1827.0
2017-11-01,Indigenous,NT,2564.0
2017-11-01,FDV,NT,1080.0
2017-11-01,Mental health,NT,338.0
2017-11-01,Drug or alcohol issues,NT,281.0
2017-11-01,Financial assistance for accommodation,NT,17.0
2017-11-01,Nights in emergency accommodation,NT,5077.0
2017-11-01,Emergency accommodation,NT,608.0
2017-11-01,Homeless,NT,982.0
2017-11-01,At risk of homelessness,NT,1828.0
2017-10-01,Indigenous,NT,2495.0
2017-10-01,FDV,NT,1073.0
2017-10-01,Mental health,NT,347.0
2017-10-01,Drug or alcohol issues,NT,283.0
2017-10-01,Financial assistance for accommodation,NT,21.0
2017-10-01,Nights in emergency accommodation,NT,5656.0
2017-10-01,Emergency accommodation,NT,614.0
2017-10-01,Homeless,NT,918.0
2017-10-01,At risk of homelessness,NT,1831.0
2017-09-01,Indigenous,NT,2346.0
2017-09-01,FDV,NT,976.0
2017-09-01,Mental health,NT,329.0
2017-09-01,Drug or alcohol issues,NT,256.0
2017-09-01,Financial assistance for accommodation,NT,17.0
2017-09-01,Nights in emergency accommodation,NT,5737.0
2017-09-01,Emergency accommodation,NT,546.0
2017-09-01,Homeless,NT,841.0
2017-09-01,At risk of homelessness,NT,1670.0
2017-08-01,Indigenous,NT,2359.0
2017-08-01,FDV,NT,1025.0
2017-08-01,Mental health,NT,292.0
2017-08-01,Drug or alcohol issues,NT,261.0
2017-08-01,Financial assistance for accommodation,NT,18.0
2017-08-01,Nights in emergency accommodation,NT,5728.0
2017-08-01,Emergency accommodation,NT,582.0
2017-08-01,Homeless,NT,795.0
2017-08-01,At risk of homelessness,NT,1685.0
2017-07-01,Indigenous,NT,2301.0
2017-07-01,FDV,NT,978.0
2017-07-01,Mental health,NT,308.0
2017-07-01,Drug or alcohol issues,NT,275.0
2017-07-01,Financial assistance for accommodation,NT,10.0
2017-07-01,Nights in emergency accommodation,NT,5815.0
2017-07-01,Emergency accommodation,NT,589.0
2017-07-01,Homeless,NT,735.0
2017-07-01,At risk of homelessness,NT,1635.0
